date;Ozone concentration
2018-06-01 01:00:00;34.8
2018-06-01 02:00:00;21.35
2018-06-01 03:00:00;15.77
2018-06-01 04:00:00;17.24
2018-06-01 05:00:00;16.55
2018-06-01 06:00:00;23.71
2018-06-01 07:00:00;47.97
2018-06-01 08:00:00;69.85
2018-06-01 09:00:00;82.33
2018-06-01 10:00:00;82.97
2018-06-01 11:00:00;85.02
2018-06-01 12:00:00;90.43
2018-06-01 13:00:00;88.36
2018-06-01 14:00:00;83.25
2018-06-01 15:00:00;63.88
2018-06-01 16:00:00;57.95
2018-06-01 17:00:00;52.75
2018-06-01 18:00:00;36.96
2018-06-01 19:00:00;28.24
2018-06-01 20:00:00;27.25
2018-06-01 21:00:00;21.76
2018-06-01 22:00:00;15.85
2018-06-01 23:00:00;17.44
2018-06-02 00:00:00;16.53
2018-06-02 01:00:00;12.68
2018-06-02 02:00:00;12.37
2018-06-02 03:00:00;7.24
2018-06-02 04:00:00;8.47
2018-06-02 05:00:00;11.87
2018-06-02 06:00:00;24.71
2018-06-02 07:00:00;38.78
2018-06-02 08:00:00;38.07
2018-06-02 09:00:00;49.4
2018-06-02 10:00:00;71.74
2018-06-02 11:00:00;86.24
2018-06-02 12:00:00;87.05
2018-06-02 13:00:00;75.42
2018-06-02 14:00:00;72.49
2018-06-02 15:00:00;57.54
2018-06-02 16:00:00;46.59
2018-06-02 17:00:00;36.85
2018-06-02 18:00:00;33.43
2018-06-02 19:00:00;28.68
2018-06-02 20:00:00;35.77
2018-06-02 21:00:00;37.52
2018-06-02 22:00:00;32.38
2018-06-02 23:00:00;28.43
2018-06-03 00:00:00;27.89
2018-06-03 01:00:00;27.5
2018-06-03 02:00:00;28.16
2018-06-03 03:00:00;29.73
2018-06-03 04:00:00;28.59
2018-06-03 05:00:00;29.6
2018-06-03 06:00:00;33.72
2018-06-03 07:00:00;55.18
2018-06-03 08:00:00;71.42
2018-06-03 09:00:00;80.19
2018-06-03 10:00:00;94.9
2018-06-03 11:00:00;105.59
2018-06-03 12:00:00;99.11
2018-06-03 13:00:00;89.12
2018-06-03 14:00:00;88.83
2018-06-03 15:00:00;89.15
2018-06-03 16:00:00;88.65
2018-06-03 17:00:00;73.45
2018-06-03 18:00:00;62.09
2018-06-03 19:00:00;55.95
2018-06-03 20:00:00;50.6
2018-06-03 21:00:00;43.19
2018-06-03 22:00:00;37.21
2018-06-03 23:00:00;29.0
2018-06-04 00:00:00;23.2
2018-06-04 01:00:00;20.66
2018-06-04 02:00:00;19.22
2018-06-04 03:00:00;16.41
2018-06-04 04:00:00;15.28
2018-06-04 05:00:00;20.03
2018-06-04 06:00:00;32.02
2018-06-04 07:00:00;52.27
2018-06-04 08:00:00;83.39
2018-06-04 09:00:00;102.6
2018-06-04 10:00:00;104.35
2018-06-04 11:00:00;106.15
2018-06-04 12:00:00;114.66
2018-06-04 13:00:00;103.5
2018-06-04 14:00:00;103.96
2018-06-04 15:00:00;89.43
2018-06-04 16:00:00;80.82
2018-06-04 17:00:00;65.62
2018-06-04 18:00:00;54.7
2018-06-04 19:00:00;44.41
2018-06-04 20:00:00;33.17
2018-06-04 21:00:00;25.28
2018-06-04 22:00:00;23.78
2018-06-04 23:00:00;17.28
2018-06-05 00:00:00;12.84
2018-06-05 01:00:00;11.12
2018-06-05 02:00:00;9.52
2018-06-05 03:00:00;6.71
2018-06-05 04:00:00;9.09
2018-06-05 05:00:00;21.38
2018-06-05 06:00:00;30.36
2018-06-05 07:00:00;52.0
2018-06-05 08:00:00;73.15
2018-06-05 09:00:00;85.99
2018-06-05 10:00:00;99.5
2018-06-05 11:00:00;107.48
2018-06-05 12:00:00;110.2
2018-06-05 13:00:00;117.5
2018-06-05 14:00:00;104.56
2018-06-05 15:00:00;92.49
2018-06-05 16:00:00;82.9
2018-06-05 17:00:00;68.91
2018-06-05 18:00:00;49.95
2018-06-05 19:00:00;45.71
2018-06-05 20:00:00;40.45
2018-06-05 21:00:00;37.57
2018-06-05 22:00:00;25.87
2018-06-05 23:00:00;21.8
2018-06-06 00:00:00;18.73
2018-06-06 01:00:00;15.79
2018-06-06 02:00:00;15.4
2018-06-06 03:00:00;16.06
2018-06-06 04:00:00;13.45
2018-06-06 05:00:00;16.36
2018-06-06 06:00:00;34.19
2018-06-06 07:00:00;67.37
2018-06-06 08:00:00;80.46
2018-06-06 09:00:00;99.91
2018-06-06 10:00:00;114.86
2018-06-06 11:00:00;112.41
2018-06-06 12:00:00;122.09
2018-06-06 13:00:00;121.05
2018-06-06 14:00:00;93.26
2018-06-06 15:00:00;96.36
2018-06-06 16:00:00;88.08
2018-06-06 17:00:00;74.32
2018-06-06 18:00:00;85.49
2018-06-06 19:00:00;98.48
2018-06-06 20:00:00;95.04
2018-06-06 21:00:00;82.04
2018-06-06 22:00:00;67.29
2018-06-06 23:00:00;41.69
2018-06-07 00:00:00;35.72
2018-06-07 01:00:00;23.13
2018-06-07 02:00:00;22.24
2018-06-07 03:00:00;13.24
2018-06-07 04:00:00;18.05
2018-06-07 05:00:00;39.18
2018-06-07 06:00:00;46.61
2018-06-07 07:00:00;47.84
2018-06-07 08:00:00;53.34
2018-06-07 09:00:00;58.13
2018-06-07 10:00:00;67.78
2018-06-07 11:00:00;79.08
2018-06-07 12:00:00;81.85
2018-06-07 13:00:00;91.36
2018-06-07 14:00:00;93.81
2018-06-07 15:00:00;101.52
2018-06-07 16:00:00;90.97
2018-06-07 17:00:00;82.79
2018-06-07 18:00:00;74.1
2018-06-07 19:00:00;50.48
2018-06-07 20:00:00;37.97
2018-06-07 21:00:00;33.89
2018-06-07 22:00:00;33.61
2018-06-07 23:00:00;28.56
2018-06-08 00:00:00;22.74
2018-06-08 01:00:00;18.23
2018-06-08 02:00:00;13.3
2018-06-08 03:00:00;11.06
2018-06-08 04:00:00;12.22
2018-06-08 05:00:00;16.89
2018-06-08 06:00:00;35.2
2018-06-08 07:00:00;54.65
2018-06-08 08:00:00;67.22
2018-06-08 09:00:00;76.59
2018-06-08 10:00:00;86.24
2018-06-08 11:00:00;92.88
2018-06-08 12:00:00;94.92
2018-06-08 13:00:00;100.13
2018-06-08 14:00:00;102.24
2018-06-08 15:00:00;99.3
2018-06-08 16:00:00;90.53
2018-06-08 17:00:00;83.81
2018-06-08 18:00:00;76.15
2018-06-08 19:00:00;80.41
2018-06-08 20:00:00;72.95
2018-06-08 21:00:00;61.45
2018-06-08 22:00:00;56.44
2018-06-08 23:00:00;61.22
2018-06-09 00:00:00;64.54
2018-06-09 01:00:00;55.96
2018-06-09 02:00:00;52.49
2018-06-09 03:00:00;41.3
2018-06-09 04:00:00;33.43
2018-06-09 05:00:00;31.02
2018-06-09 06:00:00;30.76
2018-06-09 07:00:00;43.96
2018-06-09 08:00:00;52.76
2018-06-09 09:00:00;57.91
2018-06-09 10:00:00;60.88
2018-06-09 11:00:00;65.72
2018-06-09 12:00:00;68.06
2018-06-09 13:00:00;77.38
2018-06-09 14:00:00;86.94
2018-06-09 15:00:00;94.12
2018-06-09 16:00:00;97.97
2018-06-09 17:00:00;95.81
2018-06-09 18:00:00;76.64
2018-06-09 19:00:00;62.5
2018-06-09 20:00:00;55.2
2018-06-09 21:00:00;59.27
2018-06-09 22:00:00;48.13
2018-06-09 23:00:00;31.43
2018-06-10 00:00:00;26.85
2018-06-10 01:00:00;20.88
2018-06-10 02:00:00;16.7
2018-06-10 03:00:00;13.11
2018-06-10 04:00:00;11.0
2018-06-10 05:00:00;17.99
2018-06-10 06:00:00;33.55
2018-06-10 07:00:00;43.56
2018-06-10 08:00:00;73.88
2018-06-10 09:00:00;87.27
2018-06-10 10:00:00;90.34
2018-06-10 11:00:00;95.51
2018-06-10 12:00:00;91.94
2018-06-10 13:00:00;89.11
2018-06-10 14:00:00;91.14
2018-06-10 15:00:00;86.21
2018-06-10 16:00:00;75.94
2018-06-10 17:00:00;80.23
2018-06-10 18:00:00;69.25
2018-06-10 19:00:00;65.61
2018-06-10 20:00:00;59.59
2018-06-10 21:00:00;46.09
2018-06-10 22:00:00;45.73
2018-06-10 23:00:00;39.91
2018-06-11 00:00:00;30.19
2018-06-11 01:00:00;28.21
2018-06-11 02:00:00;20.76
2018-06-11 03:00:00;20.07
2018-06-11 04:00:00;25.24
2018-06-11 05:00:00;32.86
2018-06-11 06:00:00;48.86
2018-06-11 07:00:00;61.29
2018-06-11 08:00:00;78.94
2018-06-11 09:00:00;95.27
2018-06-11 10:00:00;107.66
2018-06-11 11:00:00;111.11
2018-06-11 12:00:00;114.21
2018-06-11 13:00:00;115.39
2018-06-11 14:00:00;115.82
2018-06-11 15:00:00;125.34
2018-06-11 16:00:00;126.0
2018-06-11 17:00:00;131.64
2018-06-11 18:00:00;119.22
2018-06-11 19:00:00;94.4
2018-06-11 20:00:00;79.74
2018-06-11 21:00:00;70.47
2018-06-11 22:00:00;59.09
2018-06-11 23:00:00;46.83
2018-06-12 00:00:00;37.63
2018-06-12 01:00:00;30.6
2018-06-12 02:00:00;26.31
2018-06-12 03:00:00;23.62
2018-06-12 04:00:00;20.27
2018-06-12 05:00:00;23.39
2018-06-12 06:00:00;36.29
2018-06-12 07:00:00;51.88
2018-06-12 08:00:00;67.38
2018-06-12 09:00:00;79.14
2018-06-12 10:00:00;90.2
2018-06-12 11:00:00;100.33
2018-06-12 12:00:00;102.63
2018-06-12 13:00:00;101.82
2018-06-12 14:00:00;95.92
2018-06-12 15:00:00;98.18
2018-06-12 16:00:00;98.68
2018-06-12 17:00:00;95.52
2018-06-12 18:00:00;92.4
2018-06-12 19:00:00;78.06
2018-06-12 20:00:00;60.79
2018-06-12 21:00:00;51.55
2018-06-12 22:00:00;40.19
2018-06-12 23:00:00;45.17
2018-06-13 00:00:00;34.47
2018-06-13 01:00:00;24.47
2018-06-13 02:00:00;23.82
2018-06-13 03:00:00;17.63
2018-06-13 04:00:00;16.64
2018-06-13 05:00:00;22.22
2018-06-13 06:00:00;32.7
2018-06-13 07:00:00;57.92
2018-06-13 08:00:00;79.69
2018-06-13 09:00:00;80.75
2018-06-13 10:00:00;89.26
2018-06-13 11:00:00;90.51
2018-06-13 12:00:00;96.76
2018-06-13 13:00:00;101.47
2018-06-13 14:00:00;94.87
2018-06-13 15:00:00;89.12
2018-06-13 16:00:00;73.49
2018-06-13 17:00:00;64.57
2018-06-13 18:00:00;52.54
2018-06-13 19:00:00;48.61
2018-06-13 20:00:00;42.34
2018-06-13 21:00:00;39.29
2018-06-13 22:00:00;34.45
2018-06-13 23:00:00;32.26
2018-06-14 00:00:00;22.88
2018-06-14 01:00:00;31.27
2018-06-14 02:00:00;40.24
2018-06-14 03:00:00;41.32
2018-06-14 04:00:00;43.61
2018-06-14 05:00:00;40.38
2018-06-14 06:00:00;43.03
2018-06-14 07:00:00;51.87
2018-06-14 08:00:00;57.75
2018-06-14 09:00:00;58.74
2018-06-14 10:00:00;64.31
2018-06-14 11:00:00;67.25
2018-06-14 12:00:00;63.19
2018-06-14 13:00:00;61.25
2018-06-14 14:00:00;63.63
2018-06-14 15:00:00;69.42
2018-06-14 16:00:00;63.96
2018-06-14 17:00:00;47.49
2018-06-14 18:00:00;37.23
2018-06-14 19:00:00;60.98
2018-06-14 20:00:00;61.77
2018-06-14 21:00:00;45.9
2018-06-14 22:00:00;38.09
2018-06-14 23:00:00;38.83
2018-06-15 00:00:00;40.1
2018-06-15 01:00:00;37.18
2018-06-15 02:00:00;31.59
2018-06-15 03:00:00;28.01
2018-06-15 04:00:00;27.51
2018-06-15 05:00:00;28.01
2018-06-15 06:00:00;39.1
2018-06-15 07:00:00;49.92
2018-06-15 08:00:00;61.91
2018-06-15 09:00:00;71.54
2018-06-15 10:00:00;78.18
2018-06-15 11:00:00;83.53
2018-06-15 12:00:00;93.06
2018-06-15 13:00:00;96.09
2018-06-15 14:00:00;99.2
2018-06-15 15:00:00;97.81
2018-06-15 16:00:00;94.68
2018-06-15 17:00:00;92.21
2018-06-15 18:00:00;81.82
2018-06-15 19:00:00;79.57
2018-06-15 20:00:00;84.78
2018-06-15 21:00:00;65.23
2018-06-15 22:00:00;54.37
2018-06-15 23:00:00;72.77
2018-06-16 00:00:00;90.6
2018-06-16 01:00:00;96.41
2018-06-16 02:00:00;96.04
2018-06-16 03:00:00;95.84
2018-06-16 04:00:00;99.96
2018-06-16 05:00:00;89.41
2018-06-16 06:00:00;77.43
2018-06-16 07:00:00;78.85
2018-06-16 08:00:00;82.04
2018-06-16 09:00:00;93.72
2018-06-16 10:00:00;106.43
2018-06-16 11:00:00;105.08
2018-06-16 12:00:00;109.4
2018-06-16 13:00:00;108.57
2018-06-16 14:00:00;111.86
2018-06-16 15:00:00;116.36
2018-06-16 16:00:00;113.3
2018-06-16 17:00:00;108.8
2018-06-16 18:00:00;93.99
2018-06-16 19:00:00;84.45
2018-06-16 20:00:00;72.38
2018-06-16 21:00:00;59.22
2018-06-16 22:00:00;55.21
2018-06-16 23:00:00;47.07
2018-06-17 00:00:00;45.08
2018-06-17 01:00:00;48.72
2018-06-17 02:00:00;39.4
2018-06-17 03:00:00;42.11
2018-06-17 04:00:00;33.74
2018-06-17 05:00:00;34.91
2018-06-17 06:00:00;40.54
2018-06-17 07:00:00;58.27
2018-06-17 08:00:00;85.06
2018-06-17 09:00:00;115.23
2018-06-17 10:00:00;120.32
2018-06-17 11:00:00;121.67
2018-06-17 12:00:00;122.27
2018-06-17 13:00:00;105.52
2018-06-17 14:00:00;94.07
2018-06-17 15:00:00;88.02
2018-06-17 16:00:00;88.78
2018-06-17 17:00:00;86.16
2018-06-17 18:00:00;83.49
2018-06-17 19:00:00;79.75
2018-06-17 20:00:00;74.36
2018-06-17 21:00:00;58.06
2018-06-17 22:00:00;50.94
2018-06-17 23:00:00;44.1
2018-06-18 00:00:00;41.94
2018-06-18 01:00:00;42.53
2018-06-18 02:00:00;79.96
2018-06-18 03:00:00;95.78
2018-06-18 04:00:00;83.3
2018-06-18 05:00:00;84.64
2018-06-18 06:00:00;82.52
2018-06-18 07:00:00;81.33
2018-06-18 08:00:00;91.7
2018-06-18 09:00:00;111.32
2018-06-18 10:00:00;105.31
2018-06-18 11:00:00;99.93
2018-06-18 12:00:00;101.12
2018-06-18 13:00:00;104.89
2018-06-18 14:00:00;107.48
2018-06-18 15:00:00;113.8
2018-06-18 16:00:00;113.32
2018-06-18 17:00:00;106.35
2018-06-18 18:00:00;95.0
2018-06-18 19:00:00;93.88
2018-06-18 20:00:00;89.0
2018-06-18 21:00:00;85.48
2018-06-18 22:00:00;75.76
2018-06-18 23:00:00;65.81
2018-06-19 00:00:00;49.22
2018-06-19 01:00:00;49.8
2018-06-19 02:00:00;43.84
2018-06-19 03:00:00;42.71
2018-06-19 04:00:00;32.46
2018-06-19 05:00:00;28.89
2018-06-19 06:00:00;53.21
2018-06-19 07:00:00;71.1
2018-06-19 08:00:00;84.56
2018-06-19 09:00:00;88.65
2018-06-19 10:00:00;90.82
2018-06-19 11:00:00;92.68
2018-06-19 12:00:00;97.08
2018-06-19 13:00:00;100.66
2018-06-19 16:00:00;91.31
2018-06-19 17:00:00;84.98
2018-06-19 18:00:00;81.45
2018-06-19 19:00:00;76.74
2018-06-19 20:00:00;73.24
2018-06-19 21:00:00;68.86
2018-06-19 22:00:00;63.16
2018-06-19 23:00:00;55.99
2018-06-20 00:00:00;47.09
2018-06-20 01:00:00;43.18
2018-06-20 02:00:00;35.42
2018-06-20 03:00:00;36.77
2018-06-20 04:00:00;34.14
2018-06-20 05:00:00;29.85
2018-06-20 06:00:00;32.7
2018-06-20 07:00:00;59.08
2018-06-20 08:00:00;80.11
2018-06-20 09:00:00;84.55
2018-06-20 10:00:00;93.22
2018-06-20 11:00:00;100.97
2018-06-20 12:00:00;100.43
2018-06-20 13:00:00;103.53
2018-06-20 14:00:00;105.2
2018-06-20 15:00:00;111.38
2018-06-20 16:00:00;110.66
2018-06-20 17:00:00;99.27
2018-06-20 18:00:00;81.91
2018-06-20 19:00:00;66.32
2018-06-20 20:00:00;54.51
2018-06-20 21:00:00;55.65
2018-06-20 22:00:00;56.17
2018-06-20 23:00:00;55.59
2018-06-21 00:00:00;53.79
2018-06-21 01:00:00;55.01
2018-06-21 02:00:00;52.72
2018-06-21 03:00:00;50.73
2018-06-21 04:00:00;46.84
2018-06-21 05:00:00;40.51
2018-06-21 06:00:00;47.63
2018-06-21 07:00:00;78.93
2018-06-21 08:00:00;95.41
2018-06-21 09:00:00;102.01
2018-06-21 10:00:00;107.5
2018-06-21 11:00:00;112.76
2018-06-21 12:00:00;116.62
2018-06-21 13:00:00;120.14
2018-06-21 14:00:00;119.88
2018-06-21 15:00:00;119.71
2018-06-21 16:00:00;102.91
2018-06-21 17:00:00;80.88
2018-06-21 18:00:00;64.27
2018-06-21 19:00:00;60.93
2018-06-21 20:00:00;68.69
2018-06-21 21:00:00;83.61
2018-06-21 22:00:00;81.64
2018-06-21 23:00:00;68.64
2018-06-22 00:00:00;52.8
2018-06-22 01:00:00;46.58
2018-06-22 02:00:00;40.01
2018-06-22 03:00:00;33.98
2018-06-22 04:00:00;32.04
2018-06-22 05:00:00;36.42
2018-06-22 06:00:00;28.66
2018-06-22 07:00:00;30.88
2018-06-22 08:00:00;20.7
2018-06-22 09:00:00;19.14
2018-06-22 10:00:00;26.7
2018-06-22 11:00:00;33.25
2018-06-22 12:00:00;51.38
2018-06-22 13:00:00;56.55
2018-06-22 14:00:00;56.77
2018-06-22 15:00:00;59.87
2018-06-22 16:00:00;59.55
2018-06-22 17:00:00;54.36
2018-06-22 18:00:00;49.68
2018-06-22 19:00:00;51.8
2018-06-22 20:00:00;47.35
2018-06-22 21:00:00;37.47
2018-06-22 22:00:00;35.19
2018-06-22 23:00:00;36.37
2018-06-23 00:00:00;38.29
2018-06-23 01:00:00;40.33
2018-06-23 02:00:00;34.22
2018-06-23 03:00:00;30.22
2018-06-23 04:00:00;21.65
2018-06-23 05:00:00;24.57
2018-06-23 06:00:00;33.42
2018-06-23 07:00:00;29.18
2018-06-23 08:00:00;41.01
2018-06-23 09:00:00;49.05
2018-06-23 10:00:00;54.83
2018-06-23 11:00:00;54.94
2018-06-23 12:00:00;57.14
2018-06-23 13:00:00;56.13
2018-06-23 14:00:00;54.38
2018-06-23 15:00:00;54.91
2018-06-23 16:00:00;54.16
2018-06-23 17:00:00;50.47
2018-06-23 18:00:00;49.0
2018-06-23 19:00:00;52.61
2018-06-23 20:00:00;53.61
2018-06-23 21:00:00;50.87
2018-06-23 22:00:00;56.76
2018-06-23 23:00:00;52.44
2018-06-24 00:00:00;41.14
2018-06-24 01:00:00;33.9
2018-06-24 02:00:00;31.45
2018-06-24 03:00:00;30.95
2018-06-24 04:00:00;24.62
2018-06-24 05:00:00;31.2
2018-06-24 06:00:00;41.01
2018-06-24 07:00:00;36.29
2018-06-24 08:00:00;38.47
2018-06-24 09:00:00;39.61
2018-06-24 10:00:00;42.42
2018-06-24 11:00:00;42.75
2018-06-24 12:00:00;51.6
2018-06-24 13:00:00;59.19
2018-06-24 14:00:00;60.97
2018-06-24 15:00:00;57.56
2018-06-24 16:00:00;54.01
2018-06-24 17:00:00;52.61
2018-06-24 18:00:00;42.84
2018-06-24 19:00:00;37.99
2018-06-24 20:00:00;33.72
2018-06-24 21:00:00;26.05
2018-06-24 22:00:00;29.16
2018-06-24 23:00:00;27.6
2018-06-25 00:00:00;32.62
2018-06-25 01:00:00;29.73
2018-06-25 02:00:00;21.52
2018-06-25 03:00:00;23.37
2018-06-25 04:00:00;19.95
2018-06-25 05:00:00;17.11
2018-06-25 06:00:00;31.15
2018-06-25 07:00:00;32.83
2018-06-25 08:00:00;32.07
2018-06-25 09:00:00;37.13
2018-06-25 10:00:00;33.62
2018-06-25 11:00:00;36.58
2018-06-25 12:00:00;35.18
2018-06-25 13:00:00;39.75
2018-06-25 14:00:00;42.84
2018-06-25 15:00:00;48.16
2018-06-25 16:00:00;44.2
2018-06-25 17:00:00;45.36
2018-06-25 18:00:00;33.91
2018-06-25 19:00:00;24.03
2018-06-25 20:00:00;28.8
2018-06-25 21:00:00;33.48
2018-06-25 22:00:00;35.64
2018-06-25 23:00:00;36.11
2018-06-26 00:00:00;36.23
2018-06-26 01:00:00;40.25
2018-06-26 02:00:00;35.5
2018-06-26 03:00:00;42.59
2018-06-26 04:00:00;43.86
2018-06-26 05:00:00;33.61
2018-06-26 06:00:00;33.0
2018-06-26 07:00:00;49.54
2018-06-26 08:00:00;45.72
2018-06-26 09:00:00;47.62
2018-06-26 10:00:00;41.37
2018-06-26 11:00:00;49.35
2018-06-26 12:00:00;56.7
2018-06-26 13:00:00;62.07
2018-06-26 14:00:00;66.09
2018-06-26 15:00:00;64.83
2018-06-26 16:00:00;61.75
2018-06-26 17:00:00;59.71
2018-06-26 18:00:00;56.55
2018-06-26 19:00:00;56.41
2018-06-26 20:00:00;40.0
2018-06-26 21:00:00;43.27
2018-06-26 22:00:00;50.87
2018-06-26 23:00:00;38.29
2018-06-27 00:00:00;43.08
2018-06-27 01:00:00;40.78
2018-06-27 02:00:00;31.09
2018-06-27 03:00:00;26.59
2018-06-27 04:00:00;18.67
2018-06-27 05:00:00;10.9
2018-06-27 06:00:00;23.68
2018-06-27 07:00:00;48.02
2018-06-27 08:00:00;58.11
2018-06-27 09:00:00;69.64
2018-06-27 10:00:00;70.21
2018-06-27 11:00:00;71.15
2018-06-27 12:00:00;75.6
2018-06-27 13:00:00;77.51
2018-06-27 14:00:00;78.49
2018-06-27 15:00:00;79.47
2018-06-27 16:00:00;78.21
2018-06-27 17:00:00;71.85
2018-06-27 18:00:00;71.23
2018-06-27 19:00:00;71.81
2018-06-27 20:00:00;71.74
2018-06-27 21:00:00;67.7
2018-06-27 22:00:00;73.85
2018-06-27 23:00:00;73.26
2018-06-28 00:00:00;70.86
2018-06-28 01:00:00;68.55
2018-06-28 02:00:00;70.72
2018-06-28 03:00:00;70.0
2018-06-28 04:00:00;68.45
2018-06-28 05:00:00;60.68
2018-06-28 06:00:00;48.72
2018-06-28 07:00:00;47.56
2018-06-28 08:00:00;48.15
2018-06-28 09:00:00;47.72
2018-06-28 10:00:00;44.23
2018-06-28 11:00:00;36.02
2018-06-28 12:00:00;42.12
2018-06-28 13:00:00;42.15
2018-06-28 14:00:00;45.33
2018-06-28 15:00:00;47.78
2018-06-28 16:00:00;58.85
2018-06-28 17:00:00;56.09
2018-06-28 18:00:00;51.14
2018-06-28 19:00:00;44.31
2018-06-28 20:00:00;32.42
2018-06-28 21:00:00;40.01
2018-06-28 22:00:00;54.28
2018-06-28 23:00:00;58.63
2018-06-29 00:00:00;62.79
2018-06-29 01:00:00;63.22
2018-06-29 02:00:00;61.25
2018-06-29 03:00:00;56.51
2018-06-29 04:00:00;51.49
2018-06-29 05:00:00;48.26
2018-06-29 06:00:00;51.75
2018-06-29 07:00:00;58.69
2018-06-29 08:00:00;71.28
2018-06-29 09:00:00;84.29
2018-06-29 10:00:00;86.4
2018-06-29 11:00:00;86.19
2018-06-29 12:00:00;89.6
2018-06-29 13:00:00;94.8
2018-06-29 14:00:00;97.51
2018-06-29 15:00:00;102.86
2018-06-29 16:00:00;101.34
2018-06-29 17:00:00;96.19
2018-06-29 18:00:00;90.1
2018-06-29 19:00:00;90.07
2018-06-29 20:00:00;87.0
2018-06-29 21:00:00;79.91
2018-06-29 22:00:00;70.35
2018-06-29 23:00:00;56.63
2018-06-30 00:00:00;52.25
2018-06-30 01:00:00;46.41
2018-06-30 02:00:00;41.96
2018-06-30 03:00:00;44.4
2018-06-30 04:00:00;41.82
2018-06-30 05:00:00;34.66
2018-06-30 06:00:00;52.75
2018-06-30 07:00:00;80.3
2018-06-30 08:00:00;96.64
2018-06-30 09:00:00;90.98
2018-06-30 10:00:00;85.29
2018-06-30 11:00:00;90.26
2018-06-30 12:00:00;87.78
2018-06-30 13:00:00;82.66
2018-06-30 14:00:00;94.48
2018-06-30 15:00:00;95.34
2018-06-30 16:00:00;91.52
2018-06-30 17:00:00;79.93
2018-06-30 18:00:00;71.16
2018-06-30 19:00:00;68.77
2018-06-30 20:00:00;64.59
2018-06-30 21:00:00;60.3
2018-06-30 22:00:00;53.45
2018-06-30 23:00:00;51.29
2018-07-01 01:00:00;51.12
2018-07-01 04:00:00;50.4
2018-07-01 05:00:00;49.27
2018-07-01 06:00:00;48.15
2018-07-01 07:00:00;48.96
2018-07-01 08:00:00;59.74
2018-07-01 09:00:00;66.48
2018-07-01 10:00:00;73.08
2018-07-01 11:00:00;75.25
2018-07-01 12:00:00;78.09
2018-07-01 13:00:00;74.96
2018-07-01 14:00:00;68.64
2018-07-01 15:00:00;64.7
2018-07-01 16:00:00;59.55
2018-07-01 17:00:00;57.73
2018-07-01 18:00:00;57.65
2018-07-02 06:00:00;57.67
2018-07-02 07:00:00;56.36
2018-07-02 08:00:00;54.49
2018-07-02 09:00:00;56.18
2018-07-02 10:00:00;62.83
2018-07-02 11:00:00;70.87
2018-07-02 12:00:00;77.96
2018-07-02 13:00:00;81.27
2018-07-02 14:00:00;84.4
2018-07-02 15:00:00;87.15
2018-07-02 16:00:00;86.75
2018-07-02 17:00:00;78.67
2018-07-02 18:00:00;62.83
2018-07-02 19:00:00;49.54
2018-07-02 20:00:00;40.45
2018-07-02 21:00:00;39.61
2018-07-02 22:00:00;39.6
2018-07-02 23:00:00;38.09
2018-07-03 00:00:00;36.23
2018-07-03 01:00:00;33.99
2018-07-03 02:00:00;33.09
2018-07-03 03:00:00;31.75
2018-07-03 04:00:00;31.1
2018-07-03 05:00:00;26.56
2018-07-03 06:00:00;34.4
2018-07-03 07:00:00;58.05
2018-07-03 08:00:00;66.46
2018-07-03 09:00:00;69.68
2018-07-03 10:00:00;78.52
2018-07-03 11:00:00;86.5
2018-07-03 12:00:00;90.14
2018-07-03 13:00:00;88.86
2018-07-03 14:00:00;88.96
2018-07-03 15:00:00;91.42
2018-07-03 16:00:00;92.9
2018-07-03 17:00:00;83.87
2018-07-03 18:00:00;65.34
2018-07-03 19:00:00;52.73
2018-07-03 20:00:00;48.39
2018-07-03 21:00:00;45.16
2018-07-03 22:00:00;47.8
2018-07-03 23:00:00;46.76
2018-07-04 00:00:00;46.13
2018-07-04 01:00:00;44.84
2018-07-04 02:00:00;41.87
2018-07-04 03:00:00;40.67
2018-07-04 04:00:00;42.67
2018-07-04 05:00:00;44.28
2018-07-04 06:00:00;44.51
2018-07-04 07:00:00;60.44
2018-07-04 08:00:00;80.45
2018-07-04 09:00:00;78.3
2018-07-04 10:00:00;90.43
2018-07-04 11:00:00;112.94
2018-07-04 12:00:00;119.04
2018-07-04 13:00:00;118.77
2018-07-04 14:00:00;115.39
2018-07-04 15:00:00;102.43
2018-07-04 16:00:00;107.57
2018-07-04 17:00:00;94.63
2018-07-04 18:00:00;78.79
2018-07-04 19:00:00;65.32
2018-07-04 20:00:00;60.35
2018-07-04 21:00:00;59.92
2018-07-04 22:00:00;61.29
2018-07-04 23:00:00;57.64
2018-07-05 00:00:00;53.49
2018-07-05 01:00:00;56.05
2018-07-05 02:00:00;62.88
2018-07-05 03:00:00;67.45
2018-07-05 04:00:00;60.09
2018-07-05 05:00:00;50.85
2018-07-05 06:00:00;49.51
2018-07-05 07:00:00;68.98
2018-07-05 08:00:00;82.31
2018-07-05 09:00:00;100.87
2018-07-05 10:00:00;109.18
2018-07-05 11:00:00;115.95
2018-07-05 12:00:00;114.78
2018-07-05 13:00:00;111.78
2018-07-05 14:00:00;115.98
2018-07-05 15:00:00;109.11
2018-07-05 16:00:00;82.0
2018-07-05 17:00:00;71.25
2018-07-05 18:00:00;68.4
2018-07-05 19:00:00;60.04
2018-07-05 20:00:00;61.01
2018-07-05 21:00:00;49.76
2018-07-05 22:00:00;49.89
2018-07-05 23:00:00;59.05
2018-07-06 00:00:00;57.15
2018-07-06 01:00:00;62.53
2018-07-06 02:00:00;67.13
2018-07-06 03:00:00;71.75
2018-07-06 04:00:00;57.81
2018-07-06 05:00:00;49.53
2018-07-06 06:00:00;50.26
2018-07-06 07:00:00;42.7
2018-07-06 08:00:00;41.97
2018-07-06 09:00:00;38.31
2018-07-06 10:00:00;42.82
2018-07-06 11:00:00;54.79
2018-07-06 12:00:00;54.71
2018-07-06 13:00:00;50.3
2018-07-06 14:00:00;49.39
2018-07-06 15:00:00;54.67
2018-07-06 16:00:00;55.29
2018-07-06 17:00:00;47.04
2018-07-06 18:00:00;47.56
2018-07-06 19:00:00;71.59
2018-07-06 20:00:00;87.64
2018-07-06 21:00:00;92.7
2018-07-06 22:00:00;86.27
2018-07-06 23:00:00;72.63
2018-07-07 00:00:00;68.27
2018-07-07 01:00:00;57.34
2018-07-07 02:00:00;49.36
2018-07-07 03:00:00;42.46
2018-07-07 04:00:00;30.81
2018-07-07 05:00:00;30.74
2018-07-07 06:00:00;41.83
2018-07-07 07:00:00;57.23
2018-07-07 08:00:00;68.24
2018-07-07 09:00:00;73.41
2018-07-07 10:00:00;81.88
2018-07-07 11:00:00;86.82
2018-07-07 12:00:00;86.95
2018-07-07 13:00:00;84.49
2018-07-07 14:00:00;86.95
2018-07-07 15:00:00;87.9
2018-07-07 16:00:00;89.77
2018-07-07 17:00:00;96.19
2018-07-07 18:00:00;96.26
2018-07-07 19:00:00;89.07
2018-07-07 20:00:00;79.95
2018-07-07 21:00:00;77.33
2018-07-07 22:00:00;78.55
2018-07-07 23:00:00;61.34
2018-07-08 00:00:00;52.2
2018-07-08 01:00:00;52.09
2018-07-08 02:00:00;51.45
2018-07-08 03:00:00;48.21
2018-07-08 04:00:00;49.18
2018-07-08 05:00:00;48.74
2018-07-08 06:00:00;46.1
2018-07-08 07:00:00;62.39
2018-07-08 08:00:00;68.52
2018-07-08 09:00:00;78.2
2018-07-08 10:00:00;73.44
2018-07-08 11:00:00;68.03
2018-07-08 12:00:00;69.6
2018-07-08 13:00:00;69.96
2018-07-08 14:00:00;73.32
2018-07-08 15:00:00;77.75
2018-07-08 16:00:00;85.33
2018-07-08 17:00:00;84.78
2018-07-08 18:00:00;77.28
2018-07-08 19:00:00;62.5
2018-07-08 20:00:00;60.65
2018-07-08 21:00:00;55.42
2018-07-08 22:00:00;44.98
2018-07-08 23:00:00;43.55
2018-07-09 00:00:00;38.09
2018-07-09 01:00:00;40.11
2018-07-09 02:00:00;38.06
2018-07-09 03:00:00;35.29
2018-07-09 04:00:00;33.79
2018-07-09 05:00:00;34.07
2018-07-09 06:00:00;42.33
2018-07-09 07:00:00;55.93
2018-07-09 08:00:00;63.52
2018-07-09 09:00:00;70.04
2018-07-09 10:00:00;67.7
2018-07-09 11:00:00;68.25
2018-07-09 12:00:00;67.72
2018-07-09 13:00:00;62.4
2018-07-09 14:00:00;66.66
2018-07-09 15:00:00;66.47
2018-07-09 16:00:00;77.74
2018-07-09 17:00:00;75.42
2018-07-09 18:00:00;62.81
2018-07-09 19:00:00;60.05
2018-07-09 20:00:00;71.8
2018-07-09 21:00:00;76.2
2018-07-09 22:00:00;74.16
2018-07-09 23:00:00;70.54
2018-07-10 00:00:00;59.33
2018-07-10 01:00:00;60.51
2018-07-10 02:00:00;53.7
2018-07-10 03:00:00;47.74
2018-07-10 04:00:00;51.47
2018-07-10 05:00:00;46.29
2018-07-10 06:00:00;35.95
2018-07-10 07:00:00;37.98
2018-07-10 08:00:00;63.78
2018-07-10 09:00:00;86.5
2018-07-10 10:00:00;95.73
2018-07-10 11:00:00;98.47
2018-07-10 12:00:00;98.88
2018-07-10 13:00:00;104.09
2018-07-10 14:00:00;92.33
2018-07-10 15:00:00;78.95
2018-07-10 16:00:00;67.5
2018-07-10 17:00:00;46.65
2018-07-10 18:00:00;47.34
2018-07-10 19:00:00;62.99
2018-07-10 20:00:00;80.73
2018-07-10 21:00:00;67.45
2018-07-10 22:00:00;50.52
2018-07-10 23:00:00;53.42
2018-07-11 00:00:00;45.99
2018-07-11 01:00:00;43.73
2018-07-11 02:00:00;39.23
2018-07-11 03:00:00;38.38
2018-07-11 04:00:00;37.77
2018-07-11 05:00:00;50.99
2018-07-11 06:00:00;44.42
2018-07-11 07:00:00;49.21
2018-07-11 08:00:00;45.89
2018-07-11 09:00:00;35.48
2018-07-11 10:00:00;39.84
2018-07-11 11:00:00;54.08
2018-07-11 12:00:00;65.3
2018-07-11 13:00:00;55.87
2018-07-11 14:00:00;50.48
2018-07-11 15:00:00;44.2
2018-07-11 16:00:00;34.03
2018-07-11 17:00:00;26.65
2018-07-11 18:00:00;25.12
2018-07-11 19:00:00;31.01
2018-07-11 20:00:00;22.88
2018-07-11 21:00:00;30.24
2018-07-11 22:00:00;25.96
2018-07-11 23:00:00;24.06
2018-07-12 00:00:00;22.11
2018-07-12 01:00:00;21.52
2018-07-12 02:00:00;21.39
2018-07-12 03:00:00;21.25
2018-07-12 04:00:00;21.74
2018-07-12 05:00:00;15.1
2018-07-12 06:00:00;20.58
2018-07-12 07:00:00;38.71
2018-07-12 08:00:00;42.08
2018-07-12 09:00:00;51.1
2018-07-12 10:00:00;77.43
2018-07-12 11:00:00;84.03
2018-07-12 12:00:00;90.9
2018-07-12 13:00:00;90.33
2018-07-12 14:00:00;86.08
2018-07-12 15:00:00;90.16
2018-07-12 17:00:00;74.82
2018-07-12 18:00:00;51.42
2018-07-12 19:00:00;40.03
2018-07-12 20:00:00;35.99
2018-07-12 21:00:00;33.97
2018-07-12 22:00:00;30.22
2018-07-12 23:00:00;31.1
2018-07-13 00:00:00;27.54
2018-07-13 01:00:00;32.97
2018-07-13 02:00:00;28.92
2018-07-13 03:00:00;34.48
2018-07-13 04:00:00;37.64
2018-07-13 05:00:00;27.86
2018-07-13 06:00:00;52.03
2018-07-13 07:00:00;77.92
2018-07-13 08:00:00;81.84
2018-07-13 09:00:00;88.59
2018-07-13 10:00:00;91.51
2018-07-13 11:00:00;95.08
2018-07-13 12:00:00;98.52
2018-07-13 13:00:00;95.22
2018-07-13 14:00:00;91.42
2018-07-13 15:00:00;93.95
2018-07-13 16:00:00;97.11
2018-07-13 17:00:00;80.93
2018-07-13 18:00:00;60.27
2018-07-13 19:00:00;54.4
2018-07-13 20:00:00;51.85
2018-07-13 21:00:00;52.22
2018-07-13 22:00:00;51.35
2018-07-13 23:00:00;56.45
2018-07-14 00:00:00;62.26
2018-07-14 01:00:00;61.93
2018-07-14 02:00:00;61.97
2018-07-14 03:00:00;62.0
2018-07-14 04:00:00;64.15
2018-07-14 05:00:00;64.53
2018-07-14 06:00:00;53.66
2018-07-14 07:00:00;82.41
2018-07-14 08:00:00;95.32
2018-07-14 09:00:00;103.22
2018-07-14 10:00:00;96.66
2018-07-14 11:00:00;109.07
2018-07-14 12:00:00;91.2
2018-07-14 13:00:00;89.68
2018-07-14 14:00:00;82.38
2018-07-14 15:00:00;88.88
2018-07-14 16:00:00;94.05
2018-07-14 17:00:00;53.75
2018-07-14 18:00:00;42.43
2018-07-14 19:00:00;44.87
2018-07-14 20:00:00;42.99
2018-07-14 21:00:00;39.69
2018-07-14 22:00:00;41.28
2018-07-14 23:00:00;45.48
2018-07-15 00:00:00;45.77
2018-07-15 01:00:00;50.44
2018-07-15 02:00:00;41.32
2018-07-15 03:00:00;29.7
2018-07-15 04:00:00;38.57
2018-07-15 05:00:00;29.18
2018-07-15 06:00:00;25.68
2018-07-15 07:00:00;35.65
2018-07-15 08:00:00;64.59
2018-07-15 09:00:00;73.83
2018-07-15 10:00:00;80.46
2018-07-15 11:00:00;83.65
2018-07-15 12:00:00;81.8
2018-07-15 13:00:00;55.17
2018-07-15 14:00:00;51.12
2018-07-15 15:00:00;62.38
2018-07-15 16:00:00;46.6
2018-07-15 17:00:00;48.68
2018-07-15 18:00:00;57.44
2018-07-15 19:00:00;53.11
2018-07-15 20:00:00;48.78
2018-07-15 21:00:00;54.98
2018-07-15 22:00:00;49.18
2018-07-15 23:00:00;39.85
2018-07-16 00:00:00;35.46
2018-07-16 01:00:00;39.24
2018-07-16 02:00:00;45.93
2018-07-16 03:00:00;39.78
2018-07-16 04:00:00;36.1
2018-07-16 05:00:00;24.0
2018-07-16 06:00:00;27.5
2018-07-16 07:00:00;45.18
2018-07-16 08:00:00;69.61
2018-07-16 09:00:00;81.93
2018-07-16 10:00:00;84.54
2018-07-16 11:00:00;99.6
2018-07-16 12:00:00;104.18
2018-07-16 13:00:00;102.13
2018-07-16 14:00:00;87.22
2018-07-16 15:00:00;82.48
2018-07-16 16:00:00;72.11
2018-07-16 17:00:00;60.24
2018-07-16 18:00:00;50.77
2018-07-16 19:00:00;37.13
2018-07-16 20:00:00;46.52
2018-07-16 21:00:00;38.62
2018-07-16 22:00:00;43.26
2018-07-16 23:00:00;53.63
2018-07-17 00:00:00;46.66
2018-07-17 01:00:00;41.42
2018-07-17 02:00:00;72.58
2018-07-17 03:00:00;74.89
2018-07-17 04:00:00;87.52
2018-07-17 05:00:00;91.9
2018-07-17 06:00:00;91.03
2018-07-17 07:00:00;83.31
2018-07-17 08:00:00;79.54
2018-07-17 09:00:00;87.1
2018-07-17 10:00:00;88.45
2018-07-17 11:00:00;98.17
2018-07-17 12:00:00;90.99
2018-07-17 13:00:00;86.31
2018-07-17 14:00:00;91.79
2018-07-17 15:00:00;99.83
2018-07-17 16:00:00;102.5
2018-07-17 17:00:00;98.85
2018-07-17 18:00:00;78.16
2018-07-17 19:00:00;72.83
2018-07-17 20:00:00;67.02
2018-07-17 21:00:00;63.91
2018-07-17 22:00:00;59.33
2018-07-17 23:00:00;56.4
2018-07-18 00:00:00;61.02
2018-07-18 01:00:00;60.0
2018-07-18 02:00:00;60.18
2018-07-18 03:00:00;63.73
2018-07-18 04:00:00;60.31
2018-07-18 05:00:00;53.61
2018-07-18 06:00:00;49.97
2018-07-18 07:00:00;61.43
2018-07-18 08:00:00;71.98
2018-07-18 09:00:00;96.89
2018-07-18 10:00:00;107.04
2018-07-18 11:00:00;109.07
2018-07-18 12:00:00;123.02
2018-07-18 13:00:00;120.89
2018-07-18 14:00:00;118.36
2018-07-18 15:00:00;118.1
2018-07-18 16:00:00;111.74
2018-07-18 17:00:00;103.77
2018-07-18 18:00:00;85.44
2018-07-18 19:00:00;74.93
2018-07-18 20:00:00;69.85
2018-07-18 21:00:00;63.52
2018-07-18 22:00:00;62.36
2018-07-18 23:00:00;64.79
2018-07-19 00:00:00;68.76
2018-07-19 01:00:00;48.79
2018-07-19 02:00:00;48.84
2018-07-19 03:00:00;47.52
2018-07-19 04:00:00;46.39
2018-07-19 05:00:00;59.57
2018-07-19 06:00:00;83.66
2018-07-19 07:00:00;90.06
2018-07-19 08:00:00;96.75
2018-07-19 09:00:00;102.45
2018-07-19 10:00:00;101.68
2018-07-19 11:00:00;113.84
2018-07-19 12:00:00;113.84
2018-07-19 13:00:00;106.64
2018-07-19 14:00:00;109.7
2018-07-19 15:00:00;102.92
2018-07-19 16:00:00;101.26
2018-07-19 17:00:00;97.45
2018-07-19 18:00:00;84.24
2018-07-19 19:00:00;82.27
2018-07-19 20:00:00;79.79
2018-07-19 21:00:00;70.05
2018-07-19 22:00:00;59.05
2018-07-19 23:00:00;61.62
2018-07-20 00:00:00;59.15
2018-07-20 01:00:00;61.28
2018-07-20 02:00:00;60.25
2018-07-20 03:00:00;61.89
2018-07-20 04:00:00;58.56
2018-07-20 05:00:00;51.71
2018-07-20 06:00:00;56.91
2018-07-20 07:00:00;92.48
2018-07-20 08:00:00;97.88
2018-07-20 09:00:00;105.88
2018-07-20 10:00:00;113.58
2018-07-20 11:00:00;124.84
2018-07-20 12:00:00;127.54
2018-07-20 13:00:00;123.21
2018-07-20 14:00:00;122.23
2018-07-20 15:00:00;119.38
2018-07-20 16:00:00;106.29
2018-07-20 17:00:00;96.32
2018-07-20 18:00:00;84.04
2018-07-20 19:00:00;68.65
2018-07-20 20:00:00;69.26
2018-07-20 21:00:00;67.54
2018-07-20 22:00:00;65.48
2018-07-20 23:00:00;65.78
2018-07-21 00:00:00;66.19
2018-07-21 01:00:00;63.71
2018-07-21 02:00:00;59.32
2018-07-21 03:00:00;57.33
2018-07-21 04:00:00;61.51
2018-07-21 05:00:00;54.26
2018-07-21 06:00:00;51.45
2018-07-21 07:00:00;69.62
2018-07-21 08:00:00;74.09
2018-07-21 09:00:00;89.9
2018-07-21 10:00:00;101.78
2018-07-21 11:00:00;99.58
2018-07-21 12:00:00;111.8
2018-07-21 13:00:00;115.15
2018-07-21 14:00:00;107.53
2018-07-21 15:00:00;86.51
2018-07-21 16:00:00;69.41
2018-07-21 17:00:00;60.53
2018-07-21 18:00:00;51.93
2018-07-21 19:00:00;51.71
2018-07-21 20:00:00;60.1
2018-07-21 21:00:00;59.61
2018-07-21 22:00:00;40.72
2018-07-21 23:00:00;23.27
2018-07-22 00:00:00;16.59
2018-07-22 01:00:00;14.21
2018-07-22 02:00:00;18.88
2018-07-22 03:00:00;18.95
2018-07-22 04:00:00;20.11
2018-07-22 05:00:00;22.96
2018-07-22 06:00:00;19.32
2018-07-22 07:00:00;17.9
2018-07-22 08:00:00;41.56
2018-07-22 09:00:00;59.3
2018-07-22 10:00:00;72.37
2018-07-22 11:00:00;72.01
2018-07-22 12:00:00;69.87
2018-07-22 13:00:00;67.35
2018-07-22 14:00:00;71.11
2018-07-22 15:00:00;84.72
2018-07-22 16:00:00;76.93
2018-07-22 17:00:00;81.63
2018-07-22 18:00:00;85.44
2018-07-22 19:00:00;81.98
2018-07-22 20:00:00;87.8
2018-07-22 21:00:00;76.13
2018-07-22 22:00:00;73.87
2018-07-22 23:00:00;85.4
2018-07-23 00:00:00;82.41
2018-07-23 01:00:00;84.0
2018-07-23 02:00:00;77.71
2018-07-23 03:00:00;77.15
2018-07-23 04:00:00;84.33
2018-07-23 05:00:00;92.69
2018-07-23 06:00:00;90.87
2018-07-23 07:00:00;87.24
2018-07-23 08:00:00;89.72
2018-07-23 09:00:00;86.65
2018-07-23 10:00:00;80.14
2018-07-23 11:00:00;77.91
2018-07-23 12:00:00;63.48
2018-07-23 13:00:00;70.48
2018-07-23 14:00:00;78.53
2018-07-23 15:00:00;89.36
2018-07-23 16:00:00;82.13
2018-07-23 17:00:00;76.27
2018-07-23 18:00:00;69.7
2018-07-23 19:00:00;72.7
2018-07-23 20:00:00;77.48
2018-07-23 21:00:00;87.69
2018-07-23 22:00:00;85.71
2018-07-23 23:00:00;81.94
2018-07-24 00:00:00;82.91
2018-07-24 01:00:00;71.84
2018-07-24 02:00:00;71.98
2018-07-24 03:00:00;76.1
2018-07-24 04:00:00;73.52
2018-07-24 05:00:00;69.97
2018-07-24 06:00:00;74.3
2018-07-24 07:00:00;84.32
2018-07-24 08:00:00;93.86
2018-07-24 09:00:00;93.77
2018-07-24 10:00:00;96.26
2018-07-24 11:00:00;102.49
2018-07-24 12:00:00;106.96
2018-07-24 13:00:00;96.45
2018-07-24 14:00:00;105.77
2018-07-24 15:00:00;91.01
2018-07-24 16:00:00;81.25
2018-07-24 17:00:00;86.43
2018-07-24 18:00:00;73.66
2018-07-24 19:00:00;67.04
2018-07-24 20:00:00;69.16
2018-07-24 21:00:00;73.66
2018-07-24 22:00:00;79.11
2018-07-24 23:00:00;82.21
2018-07-25 00:00:00;77.02
2018-07-25 01:00:00;71.53
2018-07-25 02:00:00;55.09
2018-07-25 03:00:00;55.12
2018-07-25 04:00:00;74.66
2018-07-25 05:00:00;67.0
2018-07-25 06:00:00;78.25
2018-07-25 07:00:00;89.51
2018-07-25 08:00:00;92.81
2018-07-25 09:00:00;84.16
2018-07-25 10:00:00;92.52
2018-07-25 11:00:00;90.58
2018-07-25 12:00:00;82.76
2018-07-25 13:00:00;79.8
2018-07-25 14:00:00;84.6
2018-07-25 15:00:00;82.46
2018-07-25 16:00:00;82.59
2018-07-25 17:00:00;85.82
2018-07-25 18:00:00;74.69
2018-07-25 19:00:00;64.42
2018-07-25 20:00:00;84.34
2018-07-25 21:00:00;65.21
2018-07-25 22:00:00;53.26
2018-07-25 23:00:00;57.78
2018-07-26 00:00:00;57.18
2018-07-26 01:00:00;52.15
2018-07-26 02:00:00;48.42
2018-07-26 03:00:00;57.02
2018-07-26 04:00:00;45.57
2018-07-26 05:00:00;36.72
2018-07-26 06:00:00;32.76
2018-07-26 07:00:00;46.59
2018-07-26 08:00:00;62.53
2018-07-26 09:00:00;71.74
2018-07-26 10:00:00;75.76
2018-07-26 11:00:00;77.62
2018-07-26 12:00:00;75.18
2018-07-26 13:00:00;79.78
2018-07-26 14:00:00;79.21
2018-07-26 15:00:00;71.54
2018-07-26 16:00:00;61.25
2018-07-26 17:00:00;65.31
2018-07-26 18:00:00;83.18
2018-07-26 19:00:00;87.32
2018-07-26 20:00:00;84.12
2018-07-26 21:00:00;71.0
2018-07-26 22:00:00;61.41
2018-07-26 23:00:00;59.91
2018-07-27 00:00:00;58.88
2018-07-27 01:00:00;59.92
2018-07-27 02:00:00;51.8
2018-07-27 03:00:00;51.24
2018-07-27 04:00:00;52.43
2018-07-27 05:00:00;36.52
2018-07-27 06:00:00;53.21
2018-07-27 07:00:00;72.82
2018-07-27 08:00:00;85.83
2018-07-27 09:00:00;89.56
2018-07-27 10:00:00;96.54
2018-07-27 11:00:00;76.89
2018-07-27 12:00:00;61.43
2018-07-27 13:00:00;61.95
2018-07-27 14:00:00;53.1
2018-07-27 15:00:00;44.38
2018-07-27 16:00:00;40.95
2018-07-27 17:00:00;44.03
2018-07-27 18:00:00;37.66
2018-07-27 19:00:00;40.93
2018-07-27 20:00:00;36.49
2018-07-27 21:00:00;37.38
2018-07-27 22:00:00;41.03
2018-07-27 23:00:00;42.72
2018-07-28 00:00:00;41.54
2018-07-28 01:00:00;40.94
2018-07-28 02:00:00;39.71
2018-07-28 03:00:00;40.25
2018-07-28 04:00:00;41.94
2018-07-28 05:00:00;31.19
2018-07-28 06:00:00;31.67
2018-07-28 07:00:00;61.44
2018-07-28 08:00:00;65.74
2018-07-28 09:00:00;86.61
2018-07-28 10:00:00;96.62
2018-07-28 11:00:00;109.03
2018-07-28 12:00:00;109.11
2018-07-28 13:00:00;115.25
2018-07-28 14:00:00;111.27
2018-07-28 15:00:00;110.84
2018-07-28 16:00:00;104.39
2018-07-28 17:00:00;81.11
2018-07-28 18:00:00;65.45
2018-07-28 19:00:00;55.67
2018-07-28 20:00:00;51.32
2018-07-28 21:00:00;51.2
2018-07-28 22:00:00;48.31
2018-07-28 23:00:00;49.86
2018-07-29 00:00:00;53.25
2018-07-29 01:00:00;72.59
2018-07-29 02:00:00;73.38
2018-07-29 03:00:00;69.72
2018-07-29 04:00:00;69.87
2018-07-29 05:00:00;72.42
2018-07-29 06:00:00;79.68
2018-07-29 07:00:00;81.88
2018-07-29 08:00:00;88.82
2018-07-29 09:00:00;96.59
2018-07-29 10:00:00;101.85
2018-07-29 11:00:00;110.34
2018-07-29 12:00:00;107.23
2018-07-29 13:00:00;106.4
2018-07-29 14:00:00;81.71
2018-07-29 15:00:00;72.66
2018-07-29 16:00:00;61.27
2018-07-29 17:00:00;55.38
2018-07-29 18:00:00;48.1
2018-07-29 19:00:00;48.87
2018-07-29 20:00:00;58.26
2018-07-29 21:00:00;49.28
2018-07-29 22:00:00;57.59
2018-07-29 23:00:00;61.71
2018-07-30 00:00:00;63.36
2018-07-30 01:00:00;59.57
2018-07-30 02:00:00;64.7
2018-07-30 03:00:00;62.93
2018-07-30 04:00:00;62.28
2018-07-30 05:00:00;60.19
2018-07-30 06:00:00;58.41
2018-07-30 07:00:00;71.76
2018-07-30 08:00:00;90.35
2018-07-30 09:00:00;103.18
2018-07-30 10:00:00;104.0
2018-07-30 11:00:00;115.84
2018-07-30 12:00:00;112.83
2018-07-30 13:00:00;103.01
2018-07-30 14:00:00;106.72
2018-07-30 15:00:00;92.96
2018-07-30 16:00:00;95.54
2018-07-30 17:00:00;83.99
2018-07-30 18:00:00;79.11
2018-07-30 19:00:00;75.27
2018-07-30 20:00:00;73.92
2018-07-30 21:00:00;76.73
2018-07-30 22:00:00;68.26
2018-07-30 23:00:00;74.62
2018-07-31 00:00:00;61.27
2018-07-31 01:00:00;58.62
2018-07-31 02:00:00;52.52
2018-07-31 03:00:00;46.73
2018-07-31 04:00:00;52.57
2018-07-31 05:00:00;60.98
2018-07-31 06:00:00;67.53
2018-07-31 07:00:00;85.78
2018-07-31 08:00:00;98.97
2018-07-31 09:00:00;103.77
2018-07-31 10:00:00;114.62
2018-07-31 11:00:00;122.89
2018-07-31 12:00:00;118.58
2018-07-31 13:00:00;114.53
2018-07-31 14:00:00;112.47
2018-07-31 15:00:00;103.78
2018-07-31 16:00:00;106.1
2018-07-31 17:00:00;101.15
2018-07-31 18:00:00;84.25
2018-07-31 19:00:00;75.72
2018-07-31 20:00:00;81.2
2018-07-31 21:00:00;81.67
2018-07-31 22:00:00;75.37
2018-07-31 23:00:00;77.54
2018-08-01 00:00:00;67.57
2018-08-01 01:00:00;70.72
2018-08-01 02:00:00;80.86
2018-08-01 03:00:00;80.66
2018-08-01 04:00:00;80.65
2018-08-01 05:00:00;65.34
2018-08-01 06:00:00;63.77
2018-08-01 07:00:00;92.11
2018-08-01 08:00:00;101.39
2018-08-01 09:00:00;106.58
2018-08-01 10:00:00;96.34
2018-08-01 11:00:00;96.04
2018-08-01 12:00:00;77.16
2018-08-01 13:00:00;75.25
2018-08-01 14:00:00;89.37
2018-08-01 15:00:00;102.64
2018-08-01 16:00:00;87.78
2018-08-01 17:00:00;82.77
2018-08-01 18:00:00;86.11
2018-08-01 19:00:00;82.68
2018-08-01 20:00:00;74.51
2018-08-01 21:00:00;67.49
2018-08-01 22:00:00;61.75
2018-08-01 23:00:00;46.38
2018-08-02 00:00:00;46.68
2018-08-02 01:00:00;42.64
2018-08-02 02:00:00;38.7
2018-08-02 03:00:00;45.46
2018-08-02 04:00:00;45.94
2018-08-02 05:00:00;40.07
2018-08-02 06:00:00;44.75
2018-08-02 07:00:00;47.97
2018-08-02 08:00:00;61.6
2018-08-02 09:00:00;84.54
2018-08-02 10:00:00;87.24
2018-08-02 11:00:00;82.14
2018-08-02 12:00:00;77.96
2018-08-02 13:00:00;88.22
2018-08-02 14:00:00;74.41
2018-08-02 15:00:00;70.18
2018-08-02 16:00:00;64.94
2018-08-02 17:00:00;47.62
2018-08-02 18:00:00;44.43
2018-08-02 19:00:00;56.42
2018-08-02 20:00:00;45.88
2018-08-02 21:00:00;39.3
2018-08-02 22:00:00;35.7
2018-08-02 23:00:00;29.26
2018-08-03 00:00:00;33.12
2018-08-03 01:00:00;31.23
2018-08-03 02:00:00;29.61
2018-08-03 03:00:00;29.22
2018-08-03 04:00:00;26.91
2018-08-03 05:00:00;23.85
2018-08-03 06:00:00;22.66
2018-08-03 07:00:00;39.33
2018-08-03 08:00:00;68.08
2018-08-03 09:00:00;88.39
2018-08-03 10:00:00;93.19
2018-08-03 11:00:00;96.73
2018-08-03 12:00:00;89.3
2018-08-03 13:00:00;72.87
2018-08-03 14:00:00;74.22
2018-08-03 15:00:00;82.12
2018-08-03 16:00:00;76.66
2018-08-03 17:00:00;74.77
2018-08-03 18:00:00;52.87
2018-08-03 19:00:00;54.73
2018-08-03 20:00:00;51.28
2018-08-03 21:00:00;48.76
2018-08-03 22:00:00;49.78
2018-08-03 23:00:00;52.3
2018-08-04 00:00:00;53.27
2018-08-04 01:00:00;56.9
2018-08-04 02:00:00;51.74
2018-08-04 03:00:00;46.56
2018-08-04 04:00:00;43.6
2018-08-04 05:00:00;38.44
2018-08-04 06:00:00;38.48
2018-08-04 07:00:00;73.23
2018-08-04 08:00:00;106.43
2018-08-04 09:00:00;103.69
2018-08-04 10:00:00;109.24
2018-08-04 11:00:00;105.97
2018-08-04 12:00:00;111.9
2018-08-04 13:00:00;112.39
2018-08-04 14:00:00;110.48
2018-08-04 15:00:00;108.96
2018-08-04 16:00:00;99.37
2018-08-04 17:00:00;67.15
2018-08-04 18:00:00;61.63
2018-08-04 19:00:00;60.22
2018-08-04 20:00:00;59.42
2018-08-04 21:00:00;60.55
2018-08-04 22:00:00;53.47
2018-08-04 23:00:00;57.77
2018-08-05 00:00:00;54.08
2018-08-05 01:00:00;45.9
2018-08-05 02:00:00;48.75
2018-08-05 03:00:00;48.93
2018-08-05 04:00:00;52.75
2018-08-05 05:00:00;46.31
2018-08-05 06:00:00;46.1
2018-08-05 07:00:00;51.59
2018-08-05 09:00:00;101.18
2018-08-05 10:00:00;105.48
2018-08-05 11:00:00;113.53
2018-08-05 12:00:00;79.98
2018-08-05 13:00:00;73.1
2018-08-05 14:00:00;67.06
2018-08-05 15:00:00;68.14
2018-08-05 16:00:00;68.67
2018-08-05 17:00:00;66.46
2018-08-05 18:00:00;65.22
2018-08-05 19:00:00;69.87
2018-08-05 20:00:00;66.77
2018-08-05 21:00:00;45.52
2018-08-05 22:00:00;56.61
2018-08-05 23:00:00;54.59
2018-08-06 00:00:00;51.02
2018-08-06 01:00:00;48.74
2018-08-06 02:00:00;50.9
2018-08-06 03:00:00;62.91
2018-08-06 04:00:00;58.47
2018-08-06 05:00:00;47.94
2018-08-06 06:00:00;45.4
2018-08-06 07:00:00;78.39
2018-08-06 08:00:00;102.02
2018-08-06 09:00:00;101.63
2018-08-06 10:00:00;116.98
2018-08-06 11:00:00;123.05
2018-08-06 12:00:00;131.82
2018-08-06 13:00:00;131.88
2018-08-06 14:00:00;131.26
2018-08-06 15:00:00;128.7
2018-08-06 16:00:00;100.73
2018-08-06 17:00:00;99.02
2018-08-06 18:00:00;75.64
2018-08-06 19:00:00;69.6
2018-08-06 20:00:00;71.43
2018-08-06 21:00:00;70.72
2018-08-06 22:00:00;67.81
2018-08-06 23:00:00;70.54
2018-08-07 00:00:00;67.29
2018-08-07 01:00:00;59.41
2018-08-07 02:00:00;60.3
2018-08-07 03:00:00;54.3
2018-08-07 04:00:00;51.49
2018-08-07 05:00:00;49.78
2018-08-07 06:00:00;40.98
2018-08-07 07:00:00;80.28
2018-08-07 08:00:00;93.37
2018-08-07 09:00:00;105.83
2018-08-07 10:00:00;112.81
2018-08-07 11:00:00;114.19
2018-08-07 12:00:00;115.21
2018-08-07 13:00:00;113.49
2018-08-07 14:00:00;97.47
2018-08-07 15:00:00;79.77
2018-08-07 16:00:00;75.95
2018-08-07 17:00:00;68.46
2018-08-07 18:00:00;71.28
2018-08-07 19:00:00;66.09
2018-08-07 20:00:00;61.51
2018-08-07 21:00:00;55.11
2018-08-07 22:00:00;56.08
2018-08-07 23:00:00;56.39
2018-08-08 00:00:00;49.09
2018-08-08 01:00:00;51.51
2018-08-08 02:00:00;48.53
2018-08-08 03:00:00;44.0
2018-08-08 04:00:00;37.0
2018-08-08 05:00:00;31.1
2018-08-08 06:00:00;27.96
2018-08-08 07:00:00;46.18
2018-08-08 08:00:00;84.16
2018-08-08 09:00:00;92.39
2018-08-08 10:00:00;96.3
2018-08-08 11:00:00;100.83
2018-08-08 12:00:00;110.88
2018-08-08 13:00:00;115.57
2018-08-08 14:00:00;114.07
2018-08-08 15:00:00;103.5
2018-08-08 16:00:00;108.86
2018-08-08 17:00:00;81.78
2018-08-08 18:00:00;60.44
2018-08-08 19:00:00;57.23
2018-08-08 20:00:00;59.88
2018-08-08 21:00:00;77.52
2018-08-08 22:00:00;75.14
2018-08-08 23:00:00;63.76
2018-08-09 00:00:00;65.89
2018-08-09 01:00:00;64.15
2018-08-09 02:00:00;68.58
2018-08-09 03:00:00;65.69
2018-08-09 04:00:00;62.06
2018-08-09 05:00:00;59.01
2018-08-09 06:00:00;50.04
2018-08-09 07:00:00;74.79
2018-08-09 08:00:00;98.03
2018-08-09 09:00:00;107.07
2018-08-09 10:00:00;117.96
2018-08-09 11:00:00;123.44
2018-08-09 12:00:00;124.19
2018-08-09 13:00:00;118.38
2018-08-09 14:00:00;111.87
2018-08-09 15:00:00;117.71
2018-08-09 16:00:00;115.35
2018-08-09 17:00:00;109.74
2018-08-09 18:00:00;96.77
2018-08-09 19:00:00;79.63
2018-08-09 20:00:00;72.92
2018-08-09 21:00:00;66.3
2018-08-09 22:00:00;64.3
2018-08-09 23:00:00;60.3
2018-08-10 00:00:00;54.92
2018-08-10 01:00:00;58.11
2018-08-10 02:00:00;56.45
2018-08-10 03:00:00;51.81
2018-08-10 04:00:00;40.56
2018-08-10 05:00:00;41.79
2018-08-10 06:00:00;48.5
2018-08-10 07:00:00;54.73
2018-08-10 08:00:00;76.17
2018-08-10 09:00:00;80.75
2018-08-10 10:00:00;80.59
2018-08-10 11:00:00;103.45
2018-08-10 12:00:00;109.37
2018-08-10 13:00:00;101.19
2018-08-10 14:00:00;90.59
2018-08-10 15:00:00;79.34
2018-08-10 16:00:00;57.19
2018-08-10 17:00:00;64.13
2018-08-10 18:00:00;67.86
2018-08-10 19:00:00;72.68
2018-08-10 20:00:00;62.97
2018-08-10 21:00:00;56.02
2018-08-10 22:00:00;61.18
2018-08-10 23:00:00;60.53
2018-08-11 00:00:00;41.99
2018-08-11 01:00:00;43.89
2018-08-11 02:00:00;35.85
2018-08-11 03:00:00;28.76
2018-08-11 04:00:00;26.28
2018-08-11 05:00:00;23.73
2018-08-11 06:00:00;22.75
2018-08-11 07:00:00;24.28
2018-08-11 08:00:00;27.1
2018-08-11 09:00:00;39.88
2018-08-11 10:00:00;48.48
2018-08-11 11:00:00;47.54
2018-08-11 12:00:00;59.54
2018-08-11 13:00:00;61.21
2018-08-11 14:00:00;63.38
2018-08-11 15:00:00;67.65
2018-08-11 16:00:00;73.05
2018-08-11 17:00:00;66.72
2018-08-11 18:00:00;44.19
2018-08-11 19:00:00;31.03
2018-08-11 20:00:00;27.13
2018-08-11 21:00:00;27.34
2018-08-11 22:00:00;25.03
2018-08-11 23:00:00;24.79
2018-08-12 00:00:00;27.56
2018-08-12 01:00:00;27.0
2018-08-12 02:00:00;25.39
2018-08-12 03:00:00;29.11
2018-08-12 04:00:00;34.97
2018-08-12 05:00:00;31.88
2018-08-12 06:00:00;31.7
2018-08-12 07:00:00;44.01
2018-08-12 08:00:00;68.18
2018-08-12 09:00:00;87.2
2018-08-12 10:00:00;90.57
2018-08-12 11:00:00;92.26
2018-08-12 12:00:00;97.51
2018-08-12 13:00:00;93.75
2018-08-12 14:00:00;92.58
2018-08-12 15:00:00;95.38
2018-08-12 16:00:00;95.17
2018-08-12 17:00:00;88.85
2018-08-12 18:00:00;65.1
2018-08-12 19:00:00;60.01
2018-08-13 07:00:00;45.36
2018-08-13 08:00:00;49.25
2018-08-13 09:00:00;91.26
2018-08-13 10:00:00;96.97
2018-08-13 11:00:00;106.34
2018-08-13 12:00:00;114.16
2018-08-13 13:00:00;106.83
2018-08-13 14:00:00;107.99
2018-08-13 15:00:00;108.05
2018-08-13 16:00:00;103.66
2018-08-13 17:00:00;89.81
2018-08-13 18:00:00;66.74
2018-08-13 19:00:00;67.19
2018-08-13 20:00:00;69.6
2018-08-13 21:00:00;59.87
2018-08-13 22:00:00;56.0
2018-08-13 23:00:00;48.3
2018-08-14 00:00:00;46.96
2018-08-14 01:00:00;67.92
2018-08-14 02:00:00;52.0
2018-08-14 03:00:00;44.07
2018-08-14 04:00:00;41.33
2018-08-14 05:00:00;33.02
2018-08-14 06:00:00;36.72
2018-08-14 07:00:00;49.21
2018-08-14 08:00:00;45.99
2018-08-14 09:00:00;45.45
2018-08-14 10:00:00;49.95
2018-08-14 11:00:00;49.82
2018-08-14 12:00:00;46.67
2018-08-14 13:00:00;47.58
2018-08-14 14:00:00;41.86
2018-08-14 15:00:00;48.53
2018-08-14 16:00:00;43.16
2018-08-14 17:00:00;34.31
2018-08-14 18:00:00;28.16
2018-08-14 19:00:00;29.16
2018-08-14 20:00:00;21.09
2018-08-14 21:00:00;22.4
2018-08-14 22:00:00;21.08
2018-08-14 23:00:00;23.05
2018-08-15 00:00:00;31.7
2018-08-15 01:00:00;45.36
2018-08-15 02:00:00;49.56
2018-08-15 03:00:00;58.58
2018-08-15 04:00:00;63.89
2018-08-15 05:00:00;67.06
2018-08-15 06:00:00;63.56
2018-08-15 07:00:00;58.07
2018-08-15 08:00:00;58.29
2018-08-15 09:00:00;65.95
2018-08-15 10:00:00;68.03
2018-08-15 11:00:00;66.12
2018-08-15 12:00:00;63.6
2018-08-15 13:00:00;62.59
2018-08-15 14:00:00;62.01
2018-08-15 15:00:00;60.19
2018-08-15 16:00:00;52.81
2018-08-15 17:00:00;45.34
2018-08-15 18:00:00;38.5
2018-08-15 19:00:00;43.36
2018-08-15 20:00:00;46.83
2018-08-15 21:00:00;48.0
2018-08-15 22:00:00;48.48
2018-08-15 23:00:00;50.53
2018-08-16 00:00:00;50.47
2018-08-16 01:00:00;50.66
2018-08-16 02:00:00;51.72
2018-08-16 03:00:00;50.81
2018-08-16 04:00:00;48.36
2018-08-16 05:00:00;46.07
2018-08-16 06:00:00;35.73
2018-08-16 07:00:00;44.65
2018-08-16 08:00:00;69.18
2018-08-16 09:00:00;70.81
2018-08-16 10:00:00;67.41
2018-08-16 11:00:00;76.34
2018-08-16 12:00:00;86.2
2018-08-16 13:00:00;84.24
2018-08-16 14:00:00;90.32
2018-08-16 15:00:00;90.43
2018-08-16 16:00:00;83.07
2018-08-16 17:00:00;63.5
2018-08-16 18:00:00;51.12
2018-08-16 19:00:00;50.81
2018-08-16 20:00:00;52.37
2018-08-16 21:00:00;52.35
2018-08-16 22:00:00;47.4
2018-08-16 23:00:00;48.82
2018-08-17 00:00:00;45.76
2018-08-17 01:00:00;45.79
2018-08-17 02:00:00;39.18
2018-08-17 03:00:00;40.64
2018-08-17 04:00:00;45.0
2018-08-17 05:00:00;43.17
2018-08-17 06:00:00;37.65
2018-08-17 07:00:00;49.91
2018-08-17 08:00:00;79.44
2018-08-17 09:00:00;91.78
2018-08-17 10:00:00;98.3
2018-08-17 11:00:00;100.82
2018-08-17 12:00:00;103.84
2018-08-17 13:00:00;100.03
2018-08-17 14:00:00;95.72
2018-08-17 15:00:00;99.84
2018-08-17 16:00:00;93.45
2018-08-17 17:00:00;71.89
2018-08-17 18:00:00;55.73
2018-08-17 19:00:00;50.1
2018-08-17 20:00:00;52.21
2018-08-17 21:00:00;52.78
2018-08-17 22:00:00;53.94
2018-08-17 23:00:00;57.34
2018-08-18 00:00:00;55.38
2018-08-18 01:00:00;49.6
2018-08-18 02:00:00;49.99
2018-08-18 03:00:00;39.95
2018-08-18 04:00:00;35.75
2018-08-18 05:00:00;47.14
2018-08-18 06:00:00;44.97
2018-08-18 07:00:00;56.63
2018-08-18 08:00:00;82.33
2018-08-18 09:00:00;88.76
2018-08-18 10:00:00;97.76
2018-08-18 11:00:00;101.63
2018-08-18 12:00:00;104.1
2018-08-18 13:00:00;103.35
2018-08-18 14:00:00;96.21
2018-08-18 15:00:00;91.03
2018-08-18 16:00:00;66.93
2018-08-18 17:00:00;66.3
2018-08-18 18:00:00;67.08
2018-08-18 19:00:00;72.16
2018-08-18 20:00:00;73.06
2018-08-18 21:00:00;67.96
2018-08-18 22:00:00;67.84
2018-08-18 23:00:00;63.87
2018-08-19 00:00:00;64.63
2018-08-19 01:00:00;68.96
2018-08-19 02:00:00;67.35
2018-08-19 03:00:00;65.17
2018-08-19 04:00:00;59.14
2018-08-19 05:00:00;51.72
2018-08-19 06:00:00;52.16
2018-08-19 07:00:00;64.26
2018-08-19 08:00:00;81.77
2018-08-19 09:00:00;96.63
2018-08-19 10:00:00;105.24
2018-08-19 11:00:00;115.7
2018-08-19 12:00:00;120.1
2018-08-19 13:00:00;118.23
2018-08-19 14:00:00;84.09
2018-08-19 15:00:00;80.27
2018-08-19 16:00:00;62.85
2018-08-19 17:00:00;56.39
2018-08-19 18:00:00;53.6
2018-08-19 19:00:00;53.61
2018-08-19 20:00:00;49.88
2018-08-19 21:00:00;53.39
2018-08-19 22:00:00;54.43
2018-08-19 23:00:00;59.24
2018-08-20 00:00:00;52.67
2018-08-20 01:00:00;45.69
2018-08-20 02:00:00;50.28
2018-08-20 03:00:00;61.21
2018-08-20 04:00:00;61.21
2018-08-20 05:00:00;55.89
2018-08-20 06:00:00;41.74
2018-08-20 07:00:00;48.2
2018-08-20 08:00:00;71.4
2018-08-20 09:00:00;85.53
2018-08-20 10:00:00;104.34
2018-08-20 11:00:00;117.9
2018-08-20 12:00:00;119.22
2018-08-20 13:00:00;87.68
2018-08-20 14:00:00;101.52
2018-08-20 15:00:00;100.0
2018-08-20 16:00:00;91.47
2018-08-20 17:00:00;66.29
2018-08-20 18:00:00;68.94
2018-08-20 19:00:00;71.99
2018-08-20 20:00:00;73.53
2018-08-20 21:00:00;79.48
2018-08-20 22:00:00;85.53
2018-08-20 23:00:00;95.31
2018-08-21 00:00:00;92.09
2018-08-21 01:00:00;91.03
2018-08-21 02:00:00;89.79
2018-08-21 03:00:00;90.76
2018-08-21 04:00:00;98.5
2018-08-21 05:00:00;89.88
2018-08-21 06:00:00;79.56
2018-08-21 07:00:00;78.65
2018-08-21 08:00:00;92.28
2018-08-21 09:00:00;102.83
2018-08-21 10:00:00;114.0
2018-08-21 11:00:00;122.41
2018-08-21 12:00:00;127.65
2018-08-21 13:00:00;102.56
2018-08-21 14:00:00;95.94
2018-08-21 15:00:00;85.37
2018-08-21 16:00:00;72.81
2018-08-21 17:00:00;67.14
2018-08-21 18:00:00;66.83
2018-08-21 19:00:00;69.19
2018-08-21 20:00:00;69.22
2018-08-21 21:00:00;66.3
2018-08-21 22:00:00;61.27
2018-08-21 23:00:00;59.76
2018-08-22 00:00:00;59.02
2018-08-22 02:00:00;47.53
2018-08-22 03:00:00;46.25
2018-08-22 04:00:00;54.25
2018-08-22 05:00:00;50.67
2018-08-22 06:00:00;42.21
2018-08-22 07:00:00;58.34
2018-08-22 08:00:00;85.2
2018-08-22 09:00:00;90.98
2018-08-22 10:00:00;103.39
2018-08-22 11:00:00;110.43
2018-08-22 12:00:00;123.34
2018-08-22 13:00:00;127.33
2018-08-22 14:00:00;125.55
2018-08-22 15:00:00;125.28
2018-08-22 16:00:00;119.0
2018-08-22 17:00:00;99.92
2018-08-22 18:00:00;81.75
2018-08-22 19:00:00;76.55
2018-08-22 20:00:00;76.62
2018-08-22 21:00:00;73.73
2018-08-22 22:00:00;71.37
2018-08-22 23:00:00;69.76
2018-08-23 00:00:00;63.1
2018-08-23 01:00:00;59.9
2018-08-23 02:00:00;61.42
2018-08-23 03:00:00;65.32
2018-08-23 04:00:00;66.76
2018-08-23 05:00:00;65.55
2018-08-23 06:00:00;54.91
2018-08-23 07:00:00;59.11
2018-08-23 08:00:00;97.22
2018-08-23 09:00:00;109.36
2018-08-23 10:00:00;121.99
2018-08-23 11:00:00;128.71
2018-08-23 12:00:00;127.75
2018-08-23 13:00:00;126.46
2018-08-23 14:00:00;127.31
2018-08-23 15:00:00;122.54
2018-08-23 16:00:00;116.64
2018-08-23 17:00:00;89.1
2018-08-23 18:00:00;72.39
2018-08-23 19:00:00;71.53
2018-08-23 20:00:00;72.66
2018-08-23 21:00:00;73.15
2018-08-23 22:00:00;74.17
2018-08-23 23:00:00;66.07
2018-08-24 00:00:00;63.27
2018-08-24 01:00:00;63.31
2018-08-24 02:00:00;54.23
2018-08-24 03:00:00;45.81
2018-08-24 04:00:00;46.01
2018-08-24 05:00:00;41.31
2018-08-24 06:00:00;41.64
2018-08-24 07:00:00;63.22
2018-08-24 08:00:00;89.96
2018-08-24 09:00:00;101.47
2018-08-24 10:00:00;117.88
2018-08-24 11:00:00;120.63
2018-08-24 12:00:00;96.11
2018-08-24 13:00:00;75.3
2018-08-24 14:00:00;62.84
2018-08-24 15:00:00;66.26
2018-08-24 16:00:00;59.91
2018-08-24 17:00:00;58.63
2018-08-24 18:00:00;0.0
2018-08-24 20:00:00;62.29
2018-08-24 21:00:00;64.76
2018-08-24 22:00:00;51.46
2018-08-24 23:00:00;36.61
2018-08-25 00:00:00;43.2
2018-08-25 01:00:00;47.94
2018-08-25 02:00:00;66.96
2018-08-25 03:00:00;53.01
2018-08-25 04:00:00;44.21
2018-08-25 05:00:00;38.89
2018-08-25 06:00:00;30.11
2018-08-25 07:00:00;28.07
2018-08-25 08:00:00;31.19
2018-08-25 09:00:00;27.34
2018-08-25 10:00:00;39.26
2018-08-25 11:00:00;51.89
2018-08-25 12:00:00;43.64
2018-08-25 13:00:00;38.2
2018-08-25 14:00:00;42.55
2018-08-25 16:00:00;45.55
2018-08-25 17:00:00;39.24
2018-08-25 18:00:00;24.79
2018-08-25 19:00:00;28.97
2018-08-25 20:00:00;46.29
2018-08-25 21:00:00;52.68
2018-08-25 22:00:00;51.63
2018-08-25 23:00:00;51.86
2018-08-26 00:00:00;47.34
2018-08-26 01:00:00;44.09
2018-08-26 02:00:00;48.09
2018-08-26 03:00:00;43.94
2018-08-26 04:00:00;45.22
2018-08-26 06:00:00;24.44
2018-08-26 07:00:00;25.26
2018-08-26 08:00:00;26.65
2018-08-26 09:00:00;24.85
2018-08-26 10:00:00;35.72
2018-08-26 11:00:00;43.36
2018-08-26 12:00:00;41.63
2018-08-26 13:00:00;45.02
2018-08-26 14:00:00;46.61
2018-08-26 15:00:00;45.36
2018-08-26 16:00:00;44.4
2018-08-26 17:00:00;35.91
2018-08-26 18:00:00;24.33
2018-08-26 19:00:00;18.01
2018-08-26 20:00:00;14.71
2018-08-26 21:00:00;12.01
2018-08-26 22:00:00;10.02
2018-08-26 23:00:00;10.02
2018-08-27 00:00:00;14.08
2018-08-27 01:00:00;14.77
2018-08-27 02:00:00;12.84
2018-08-27 03:00:00;14.7
2018-08-27 04:00:00;18.6
2018-08-27 05:00:00;16.35
2018-08-27 06:00:00;18.5
2018-08-27 07:00:00;33.45
2018-08-27 08:00:00;50.46
2018-08-27 09:00:00;62.32
2018-08-27 10:00:00;69.75
2018-08-27 11:00:00;75.07
2018-08-27 12:00:00;83.82
2018-08-27 13:00:00;79.69
2018-08-27 14:00:00;76.67
2018-08-27 15:00:00;76.59
2018-08-27 16:00:00;71.56
2018-08-27 17:00:00;50.41
2018-08-27 18:00:00;42.88
2018-08-27 19:00:00;41.8
2018-08-27 20:00:00;40.03
2018-08-27 21:00:00;41.64
2018-08-27 22:00:00;42.34
2018-08-27 23:00:00;36.45
2018-08-28 00:00:00;29.4
2018-08-28 01:00:00;31.57
2018-08-28 02:00:00;32.45
2018-08-28 03:00:00;32.55
2018-08-28 04:00:00;33.71
2018-08-28 05:00:00;35.27
2018-08-28 06:00:00;25.87
2018-08-28 07:00:00;34.57
2018-08-28 08:00:00;56.44
2018-08-28 09:00:00;71.52
2018-08-28 10:00:00;83.4
2018-08-28 11:00:00;87.24
2018-08-28 12:00:00;97.6
2018-08-28 13:00:00;97.61
2018-08-28 14:00:00;98.75
2018-08-28 15:00:00;96.83
2018-08-28 16:00:00;93.48
2018-08-28 17:00:00;70.41
2018-08-28 18:00:00;58.01
2018-08-28 19:00:00;58.37
2018-08-28 20:00:00;55.12
2018-08-28 21:00:00;52.81
2018-08-28 22:00:00;49.38
2018-08-28 23:00:00;50.76
2018-08-29 00:00:00;51.14
2018-08-29 01:00:00;51.1
2018-08-29 02:00:00;50.07
2018-08-29 03:00:00;48.51
2018-08-29 04:00:00;48.03
2018-08-29 05:00:00;43.52
2018-08-29 06:00:00;33.46
2018-08-29 07:00:00;41.61
2018-08-29 08:00:00;76.39
2018-08-29 09:00:00;84.37
2018-08-29 10:00:00;93.41
2018-08-29 11:00:00;104.06
2018-08-29 12:00:00;109.09
2018-08-29 13:00:00;104.22
2018-08-29 14:00:00;104.01
2018-08-29 15:00:00;99.05
2018-08-29 16:00:00;98.5
2018-08-29 17:00:00;77.68
2018-08-29 18:00:00;58.07
2018-08-29 19:00:00;56.24
2018-08-29 20:00:00;53.67
2018-08-29 21:00:00;54.92
2018-08-29 22:00:00;59.65
2018-08-29 23:00:00;58.35
2018-08-30 00:00:00;50.48
2018-08-30 01:00:00;43.31
2018-08-30 02:00:00;42.52
2018-08-30 03:00:00;37.65
2018-08-30 04:00:00;39.92
2018-08-30 05:00:00;32.69
2018-08-30 06:00:00;35.09
2018-08-30 07:00:00;57.11
2018-08-30 08:00:00;65.42
2018-08-30 12:00:00;110.54
2018-08-30 13:00:00;115.44
2018-08-30 14:00:00;113.77
2018-08-30 15:00:00;112.52
2018-08-30 16:00:00;110.13
2018-08-30 17:00:00;96.98
2018-08-30 18:00:00;90.52
2018-08-30 19:00:00;93.52
2018-08-30 20:00:00;86.8
2018-08-30 21:00:00;67.54
2018-08-30 22:00:00;57.94
2018-08-30 23:00:00;51.74
2018-08-31 00:00:00;44.14
2018-08-31 01:00:00;36.3
2018-08-31 02:00:00;38.07
2018-08-31 03:00:00;25.98
2018-08-31 04:00:00;23.32
2018-08-31 05:00:00;19.65
2018-08-31 06:00:00;24.95
2018-08-31 07:00:00;28.62
2018-08-31 08:00:00;46.29
2018-08-31 09:00:00;60.38
2018-08-31 10:00:00;72.08
2018-08-31 11:00:00;89.63
2018-08-31 12:00:00;98.4
2018-08-31 13:00:00;91.19
2018-08-31 14:00:00;84.29
2018-08-31 15:00:00;81.46
2018-08-31 16:00:00;72.32
2018-08-31 17:00:00;76.93
2018-08-31 18:00:00;55.75
2018-08-31 19:00:00;45.67
2018-08-31 20:00:00;40.26
2018-08-31 21:00:00;31.41
2018-08-31 22:00:00;23.54
2018-08-31 23:00:00;22.2
2018-09-01 00:00:00;28.23
2018-09-01 01:00:00;68.31
2018-09-01 02:00:00;87.54
2018-09-01 03:00:00;63.27
2018-09-01 04:00:00;68.68
2018-09-01 05:00:00;79.13
2018-09-01 06:00:00;73.73
2018-09-01 07:00:00;77.66
2018-09-01 08:00:00;80.37
2018-09-01 09:00:00;84.39
2018-09-01 10:00:00;79.37
2018-09-01 11:00:00;72.23
2018-09-01 12:00:00;69.02
2018-09-01 13:00:00;59.95
2018-09-01 14:00:00;58.61
2018-09-01 15:00:00;62.22
2018-09-01 16:00:00;52.84
2018-09-01 17:00:00;51.75
2018-09-01 19:00:00;52.59
2018-09-01 20:00:00;38.23
2018-09-01 21:00:00;27.02
2018-09-01 22:00:00;24.56
2018-09-01 23:00:00;22.46
2018-09-02 00:00:00;19.12
2018-09-02 01:00:00;17.99
2018-09-02 02:00:00;24.42
2018-09-02 03:00:00;16.48
2018-09-02 04:00:00;14.03
2018-09-02 05:00:00;18.63
2018-09-02 06:00:00;21.91
2018-09-02 07:00:00;21.4
2018-09-02 08:00:00;26.63
2018-09-02 09:00:00;49.53
2018-09-02 10:00:00;61.88
2018-09-02 11:00:00;77.46
2018-09-02 12:00:00;71.09
2018-09-02 13:00:00;0.0
2018-09-02 14:00:00;0.0
2018-09-02 15:00:00;0.0
2018-09-02 16:00:00;0.0
2018-09-02 17:00:00;0.0
2018-09-02 18:00:00;0.0
2018-09-02 19:00:00;0.0
2018-09-02 20:00:00;0.0
2018-09-02 21:00:00;0.0
2018-09-02 22:00:00;0.0
2018-09-02 23:00:00;0.0
2018-09-03 00:00:00;0.0
2018-09-03 01:00:00;0.0
2018-09-03 02:00:00;0.0
2018-09-03 03:00:00;0.0
2018-09-03 04:00:00;0.0
2018-09-03 05:00:00;0.0
2018-09-03 06:00:00;0.0
2018-09-03 07:00:00;0.0
2018-09-03 08:00:00;0.0
2018-09-03 09:00:00;0.0
2018-09-03 10:00:00;0.0
2018-09-03 11:00:00;0.0
2018-09-03 12:00:00;0.0
2018-09-03 13:00:00;0.0
2018-09-03 14:00:00;0.0
2018-09-03 15:00:00;0.0
2018-09-03 16:00:00;0.0
2018-09-03 17:00:00;0.0
2018-09-03 18:00:00;0.0
2018-09-03 19:00:00;0.0
2018-09-03 20:00:00;0.0
2018-09-03 21:00:00;0.0
2018-09-03 22:00:00;0.0
2018-09-03 23:00:00;0.0
2018-09-04 00:00:00;0.0
2018-09-04 01:00:00;0.0
2018-09-04 02:00:00;0.0
2018-09-04 03:00:00;0.0
2018-09-04 04:00:00;0.0
2018-09-04 05:00:00;0.0
2018-09-04 06:00:00;0.0
2018-09-04 07:00:00;0.0
2018-09-04 08:00:00;0.0
2018-09-04 09:00:00;0.0
2018-09-04 10:00:00;0.0
2018-09-04 11:00:00;0.0
2018-09-04 12:00:00;0.0
2018-09-04 13:00:00;0.0
2018-09-04 14:00:00;0.0
2018-09-04 15:00:00;0.0
2018-09-04 16:00:00;1026.31
2018-09-04 17:00:00;991.2
2018-09-04 18:00:00;978.16
2018-09-04 19:00:00;975.24
2018-09-04 20:00:00;0.0
2018-09-04 21:00:00;0.0
2018-09-04 22:00:00;0.0
2018-09-04 23:00:00;0.0
2018-09-05 00:00:00;72.49
2018-09-05 01:00:00;680.64
2018-09-05 02:00:00;881.31
2018-09-05 03:00:00;979.76
2018-09-05 04:00:00;975.57
2018-09-05 05:00:00;975.87
2018-09-05 06:00:00;985.89
2018-09-05 07:00:00;1013.3
2018-09-05 08:00:00;1083.12
2018-09-05 09:00:00;1106.1
2018-09-05 10:00:00;1643.21
2018-09-05 11:00:00;2709.19
2018-09-05 12:00:00;2619.53
2018-09-05 13:00:00;2024.89
2018-09-05 14:00:00;408.21
2018-09-05 15:00:00;0.0
2018-09-05 16:00:00;0.0
2018-09-05 17:00:00;651.04
2018-09-05 18:00:00;0.0
2018-09-05 19:00:00;0.0
2018-09-05 20:00:00;0.0
2018-09-05 21:00:00;0.0
2018-09-05 22:00:00;0.0
2018-09-05 23:00:00;0.0
2018-09-06 00:00:00;0.0
2018-09-06 01:00:00;0.0
2018-09-06 02:00:00;0.0
2018-09-06 03:00:00;18.09
2018-09-06 04:00:00;15.06
2018-09-06 05:00:00;63.41
2018-09-06 06:00:00;32.04
2018-09-06 07:00:00;0.0
2018-09-06 08:00:00;0.0
2018-09-06 09:00:00;1721.93
2018-09-06 10:00:00;0.0
2018-09-06 11:00:00;0.0
2018-09-06 12:00:00;0.0
2018-09-06 13:00:00;0.0
2018-09-06 14:00:00;0.0
2018-09-06 15:00:00;0.0
2018-09-06 16:00:00;0.0
2018-09-06 17:00:00;0.0
2018-09-06 18:00:00;0.0
2018-09-06 19:00:00;0.0
2018-09-06 20:00:00;1378.58
2018-09-06 21:00:00;968.48
2018-09-06 22:00:00;1064.53
2018-09-06 23:00:00;1041.28
2018-09-07 00:00:00;1017.3
2018-09-07 01:00:00;864.93
2018-09-07 02:00:00;717.67
2018-09-07 03:00:00;575.64
2018-09-07 04:00:00;400.88
2018-09-07 05:00:00;147.75
2018-09-07 06:00:00;164.55
2018-09-07 07:00:00;0.0
2018-09-07 08:00:00;0.0
2018-09-07 09:00:00;0.0
2018-09-07 10:00:00;0.0
2018-09-07 11:00:00;0.0
2018-09-07 12:00:00;0.0
2018-09-07 13:00:00;0.0
2018-09-07 14:00:00;0.0
2018-09-07 15:00:00;0.0
2018-09-07 16:00:00;0.0
2018-09-07 17:00:00;0.0
2018-09-07 18:00:00;0.0
2018-09-07 19:00:00;0.0
2018-09-07 20:00:00;0.0
2018-09-07 21:00:00;0.0
2018-09-07 22:00:00;0.0
2018-09-07 23:00:00;0.0
2018-09-08 00:00:00;0.0
2018-09-08 01:00:00;0.0
2018-09-08 02:00:00;0.0
2018-09-08 03:00:00;0.0
2018-09-08 04:00:00;0.0
2018-09-08 05:00:00;0.0
2018-09-08 06:00:00;0.0
2018-09-08 07:00:00;0.0
2018-09-08 08:00:00;0.0
2018-09-08 09:00:00;0.0
2018-09-08 10:00:00;0.0
2018-09-08 11:00:00;0.0
2018-09-08 12:00:00;0.0
2018-09-08 13:00:00;0.0
2018-09-08 14:00:00;0.0
2018-09-08 15:00:00;0.0
2018-09-08 16:00:00;0.0
2018-09-08 17:00:00;0.0
2018-09-08 18:00:00;0.0
2018-09-08 19:00:00;0.0
2018-09-08 20:00:00;0.0
2018-09-08 21:00:00;0.0
2018-09-08 22:00:00;0.0
2018-09-08 23:00:00;0.0
2018-09-09 00:00:00;0.0
2018-09-09 01:00:00;0.0
2018-09-09 02:00:00;0.0
2018-09-09 03:00:00;0.0
2018-09-09 04:00:00;0.0
2018-09-09 05:00:00;0.0
2018-09-09 06:00:00;0.0
2018-09-09 07:00:00;0.0
2018-09-09 08:00:00;0.0
2018-09-09 09:00:00;0.0
2018-09-09 10:00:00;0.0
2018-09-09 11:00:00;0.0
2018-09-09 12:00:00;0.0
2018-09-09 13:00:00;0.0
2018-09-09 14:00:00;0.0
2018-09-09 15:00:00;0.0
2018-09-09 16:00:00;0.0
2018-09-09 17:00:00;0.0
2018-09-09 18:00:00;0.0
2018-09-09 19:00:00;0.0
2018-09-09 20:00:00;0.0
2018-09-09 21:00:00;0.0
2018-09-09 22:00:00;0.0
2018-09-09 23:00:00;0.0
2018-09-10 00:00:00;0.0
2018-09-10 01:00:00;0.0
2018-09-10 02:00:00;0.0
2018-09-10 03:00:00;0.0
2018-09-10 04:00:00;0.0
2018-09-10 05:00:00;0.0
2018-09-10 06:00:00;0.0
2018-09-10 07:00:00;0.0
2018-09-10 08:00:00;0.0
2018-09-10 09:00:00;0.0
2018-09-10 10:00:00;0.0
2018-09-10 11:00:00;0.0
2018-09-10 12:00:00;0.0
2018-09-10 13:00:00;0.0
2018-09-10 14:00:00;0.0
2018-09-10 15:00:00;0.0
2018-09-10 16:00:00;0.0
2018-09-10 17:00:00;0.0
2018-09-10 18:00:00;0.0
2018-09-10 19:00:00;0.0
2018-09-10 20:00:00;0.0
2018-09-10 21:00:00;0.0
2018-09-10 22:00:00;0.0
2018-09-10 23:00:00;0.0
2018-09-11 00:00:00;0.0
2018-09-11 01:00:00;0.0
2018-09-11 02:00:00;0.0
2018-09-11 03:00:00;0.0
2018-09-11 04:00:00;0.0
2018-09-11 05:00:00;0.0
2018-09-11 06:00:00;0.0
2018-09-11 07:00:00;0.0
2018-09-11 08:00:00;0.0
2018-09-11 09:00:00;0.0
2018-09-11 10:00:00;0.0
2018-09-11 11:00:00;0.0
2018-09-11 12:00:00;0.0
2018-09-11 13:00:00;0.0
2018-09-11 14:00:00;0.0
2018-09-11 15:00:00;0.0
2018-09-11 16:00:00;0.0
2018-09-11 17:00:00;0.0
2018-09-11 18:00:00;0.0
2018-09-11 19:00:00;0.0
2018-09-11 20:00:00;0.0
2018-09-11 21:00:00;0.0
2018-09-11 22:00:00;0.0
2018-09-11 23:00:00;0.0
2018-09-12 00:00:00;0.0
2018-09-12 01:00:00;0.0
2018-09-12 02:00:00;0.0
2018-09-12 03:00:00;0.0
2018-09-12 04:00:00;0.0
2018-09-12 05:00:00;0.0
2018-09-12 06:00:00;0.0
2018-09-12 07:00:00;0.0
2018-09-12 08:00:00;0.0
2018-09-12 09:00:00;0.0
2018-09-12 10:00:00;0.0
2018-09-12 11:00:00;26.07
2018-09-12 12:00:00;69.42
2018-09-12 13:00:00;89.82
2018-09-12 14:00:00;0.0
2018-09-12 15:00:00;0.0
2018-09-12 16:00:00;0.0
2018-09-12 17:00:00;0.0
2018-09-12 18:00:00;0.0
2018-09-12 19:00:00;0.0
2018-09-12 20:00:00;0.0
2018-09-12 21:00:00;0.0
2018-09-12 22:00:00;0.0
2018-09-12 23:00:00;0.0
2018-09-13 00:00:00;0.0
2018-09-13 01:00:00;0.0
2018-09-13 02:00:00;0.0
2018-09-13 03:00:00;0.0
2018-09-13 04:00:00;0.0
2018-09-13 05:00:00;0.0
2018-09-13 06:00:00;0.0
2018-09-13 07:00:00;0.0
2018-09-13 08:00:00;0.0
2018-09-13 09:00:00;0.0
2018-09-13 10:00:00;0.0
2018-09-13 11:00:00;0.0
2018-09-13 12:00:00;0.0
2018-09-13 13:00:00;0.0
2018-09-13 14:00:00;0.0
2018-09-13 15:00:00;0.0
2018-09-13 16:00:00;0.0
2018-09-13 17:00:00;0.0
2018-09-13 18:00:00;0.0
2018-09-13 19:00:00;0.0
2018-09-13 20:00:00;0.0
2018-09-13 21:00:00;0.0
2018-09-13 22:00:00;0.0
2018-09-13 23:00:00;0.0
2018-09-14 00:00:00;0.0
2018-09-14 01:00:00;0.0
2018-09-14 02:00:00;0.0
2018-09-14 03:00:00;0.0
2018-09-14 04:00:00;0.0
2018-09-14 05:00:00;0.0
2018-09-14 06:00:00;0.0
2018-09-14 07:00:00;0.0
2018-09-14 08:00:00;0.0
2018-09-14 09:00:00;0.0
2018-09-14 10:00:00;0.0
2018-09-14 11:00:00;0.0
2018-09-14 12:00:00;0.0
2018-09-14 13:00:00;0.0
2018-09-14 14:00:00;0.0
2018-09-14 15:00:00;0.0
2018-09-14 16:00:00;0.0
2018-09-14 17:00:00;0.0
2018-09-14 18:00:00;0.0
2018-09-14 19:00:00;0.0
2018-09-14 20:00:00;0.0
2018-09-14 21:00:00;0.0
2018-09-14 22:00:00;0.0
2018-09-14 23:00:00;0.0
2018-09-15 00:00:00;0.0
2018-09-15 01:00:00;0.0
2018-09-15 02:00:00;0.0
2018-09-15 03:00:00;0.0
2018-09-15 04:00:00;0.0
2018-09-15 05:00:00;0.0
2018-09-15 06:00:00;0.0
2018-09-15 07:00:00;0.0
2018-09-15 08:00:00;0.0
2018-09-15 09:00:00;0.0
2018-09-15 10:00:00;0.0
2018-09-15 11:00:00;0.0
2018-09-15 12:00:00;0.0
2018-09-15 13:00:00;0.0
2018-09-15 14:00:00;0.0
2018-09-15 15:00:00;0.0
2018-09-15 16:00:00;0.0
2018-09-15 17:00:00;0.0
2018-09-15 18:00:00;0.0
2018-09-15 19:00:00;0.0
2018-09-15 20:00:00;0.0
2018-09-15 21:00:00;0.0
2018-09-15 22:00:00;0.0
2018-09-15 23:00:00;0.0
2018-09-16 00:00:00;0.0
2018-09-16 01:00:00;0.0
2018-09-16 02:00:00;0.0
2018-09-16 03:00:00;0.0
2018-09-16 04:00:00;0.0
2018-09-16 05:00:00;0.0
2018-09-16 06:00:00;0.0
2018-09-16 07:00:00;0.0
2018-09-16 08:00:00;0.0
2018-09-16 09:00:00;0.0
2018-09-16 10:00:00;0.0
2018-09-16 11:00:00;0.0
2018-09-16 12:00:00;0.0
2018-09-16 13:00:00;0.0
2018-09-16 14:00:00;0.0
2018-09-16 15:00:00;0.0
2018-09-16 16:00:00;0.0
2018-09-16 17:00:00;0.0
2018-09-16 18:00:00;0.0
2018-09-16 19:00:00;0.0
2018-09-16 20:00:00;0.0
2018-09-16 21:00:00;0.0
2018-09-16 22:00:00;0.0
2018-09-16 23:00:00;0.0
2018-09-17 00:00:00;0.0
2018-09-17 01:00:00;0.0
2018-09-17 02:00:00;0.0
2018-09-17 03:00:00;0.0
2018-09-17 04:00:00;0.0
2018-09-17 05:00:00;0.0
2018-09-17 06:00:00;0.0
2018-09-17 07:00:00;0.0
2018-09-17 08:00:00;0.0
2018-09-17 09:00:00;0.0
2018-09-17 10:00:00;0.0
2018-09-17 11:00:00;0.0
2018-09-17 12:00:00;0.0
2018-09-17 13:00:00;0.0
2018-09-17 14:00:00;0.0
2018-09-17 15:00:00;0.0
2018-09-17 16:00:00;0.0
2018-09-17 17:00:00;0.0
2018-09-17 18:00:00;0.0
2018-09-17 19:00:00;0.0
2018-09-17 20:00:00;0.0
2018-09-17 21:00:00;0.0
2018-09-17 22:00:00;0.0
2018-09-17 23:00:00;0.0
2018-09-18 00:00:00;0.0
2018-09-18 01:00:00;0.0
2018-09-18 02:00:00;0.0
2018-09-18 03:00:00;0.0
2018-09-18 04:00:00;0.0
2018-09-18 05:00:00;0.0
2018-09-18 06:00:00;0.0
2018-09-18 07:00:00;0.0
2018-09-18 08:00:00;0.0
2018-09-18 09:00:00;0.0
2018-09-18 10:00:00;0.0
2018-09-18 11:00:00;0.0
2018-09-18 12:00:00;0.0
2018-09-18 13:00:00;0.0
2018-09-18 14:00:00;0.0
2018-09-18 15:00:00;0.0
2018-09-18 16:00:00;0.0
2018-09-18 17:00:00;0.0
2018-09-18 18:00:00;0.0
2018-09-18 19:00:00;0.0
2018-09-18 20:00:00;0.0
2018-09-18 21:00:00;0.0
2018-09-18 22:00:00;0.0
2018-09-18 23:00:00;0.0
2018-09-19 00:00:00;0.0
2018-09-19 01:00:00;0.0
2018-09-19 02:00:00;0.0
2018-09-19 03:00:00;0.0
2018-09-19 04:00:00;0.0
2018-09-19 05:00:00;0.0
2018-09-19 06:00:00;0.0
2018-09-19 07:00:00;0.0
2018-09-19 08:00:00;0.0
2018-09-19 09:00:00;0.0
2018-09-19 10:00:00;0.0
2018-09-19 11:00:00;0.0
2018-09-19 12:00:00;0.0
2018-09-19 13:00:00;0.0
2018-09-19 14:00:00;0.0
2018-09-19 15:00:00;0.0
2018-09-19 16:00:00;0.0
2018-09-19 17:00:00;0.0
2018-09-19 18:00:00;0.0
2018-09-19 19:00:00;0.0
2018-09-19 20:00:00;0.0
2018-09-19 21:00:00;0.0
2018-09-19 22:00:00;0.0
2018-09-19 23:00:00;0.0
2018-09-20 00:00:00;0.0
2018-09-20 01:00:00;0.0
2018-09-20 02:00:00;0.0
2018-09-20 03:00:00;0.0
2018-09-20 04:00:00;0.0
2018-09-20 05:00:00;0.0
2018-09-20 06:00:00;0.0
2018-09-20 07:00:00;0.0
2018-09-20 08:00:00;0.0
2018-09-20 09:00:00;0.0
2018-09-20 10:00:00;0.0
2018-09-20 11:00:00;0.0
2018-09-20 12:00:00;0.0
