Start_local;End_local;Ozone
12/07/2018 10:30;12/07/2018 11:00;68
12/07/2018 11:00;12/07/2018 11:30;88
12/07/2018 11:30;12/07/2018 12:00;102
12/07/2018 12:00;12/07/2018 12:30;110
12/07/2018 12:30;12/07/2018 13:00;121
12/07/2018 13:00;12/07/2018 13:30;124
12/07/2018 13:30;12/07/2018 14:00;132
12/07/2018 14:00;12/07/2018 14:30;126
12/07/2018 14:30;12/07/2018 15:00;105
12/07/2018 15:00;12/07/2018 15:30;97
12/07/2018 15:30;12/07/2018 16:00;102
12/07/2018 16:00;12/07/2018 16:30;104
12/07/2018 16:30;12/07/2018 17:00;104
12/07/2018 17:00;12/07/2018 17:30;107
12/07/2018 17:30;12/07/2018 18:00;114
12/07/2018 18:00;12/07/2018 18:30;119
12/07/2018 18:30;12/07/2018 19:00;124
12/07/2018 19:00;12/07/2018 19:30;110
12/07/2018 19:30;12/07/2018 20:00;101
12/07/2018 20:00;12/07/2018 20:30;101
12/07/2018 20:30;12/07/2018 21:00;94
12/07/2018 21:00;12/07/2018 21:30;79
12/07/2018 21:30;12/07/2018 22:00;64
12/07/2018 22:00;12/07/2018 22:30;45
12/07/2018 22:30;12/07/2018 23:00;50
12/07/2018 23:00;12/07/2018 23:30;47
12/07/2018 23:30;13/07/2018 0:00;42
13/07/2018 0:00;13/07/2018 0:30;38
13/07/2018 0:30;13/07/2018 1:00;30
13/07/2018 1:00;13/07/2018 1:30;26
13/07/2018 1:30;13/07/2018 2:00;30
13/07/2018 2:00;13/07/2018 2:30;26
13/07/2018 2:30;13/07/2018 3:00;20
13/07/2018 3:00;13/07/2018 3:30;25
13/07/2018 3:30;13/07/2018 4:00;29
13/07/2018 4:00;13/07/2018 4:30;27
13/07/2018 4:30;13/07/2018 5:00;17
13/07/2018 5:00;13/07/2018 5:30;17
13/07/2018 5:30;13/07/2018 6:00;16
13/07/2018 6:00;13/07/2018 6:30;18
13/07/2018 6:30;13/07/2018 7:00;19
13/07/2018 7:00;13/07/2018 7:30;20
13/07/2018 7:30;13/07/2018 8:00;25
13/07/2018 8:00;13/07/2018 8:30;26
13/07/2018 8:30;13/07/2018 9:00;44
13/07/2018 9:00;13/07/2018 9:30;59
13/07/2018 9:30;13/07/2018 10:00;64
13/07/2018 10:00;13/07/2018 10:30;81
13/07/2018 10:30;13/07/2018 11:00;83
13/07/2018 11:00;13/07/2018 11:30;96
13/07/2018 11:30;13/07/2018 12:00;119
13/07/2018 12:00;13/07/2018 12:30;135
13/07/2018 12:30;13/07/2018 13:00;147
13/07/2018 13:00;13/07/2018 13:30;141
13/07/2018 13:30;13/07/2018 14:00;130
13/07/2018 14:00;13/07/2018 14:30;114
13/07/2018 14:30;13/07/2018 15:00;104
13/07/2018 15:00;13/07/2018 15:30;101
13/07/2018 15:30;13/07/2018 16:00;99
13/07/2018 16:00;13/07/2018 16:30;100
13/07/2018 16:30;13/07/2018 17:00;99
13/07/2018 17:00;13/07/2018 17:30;98
13/07/2018 17:30;13/07/2018 18:00;108
13/07/2018 18:00;13/07/2018 18:30;110
13/07/2018 18:30;13/07/2018 19:00;107
13/07/2018 19:00;13/07/2018 19:30;103
13/07/2018 19:30;13/07/2018 20:00;96
13/07/2018 20:00;13/07/2018 20:30;86
13/07/2018 20:30;13/07/2018 21:00;83
13/07/2018 21:00;13/07/2018 21:30;77
13/07/2018 21:30;13/07/2018 22:00;68
13/07/2018 22:00;13/07/2018 22:30;52
13/07/2018 22:30;13/07/2018 23:00;49
13/07/2018 23:00;13/07/2018 23:30;46
13/07/2018 23:30;14/07/2018 0:00;47
14/07/2018 0:00;14/07/2018 0:30;35
14/07/2018 0:30;14/07/2018 1:00;33
14/07/2018 1:00;14/07/2018 1:30;35
14/07/2018 1:30;14/07/2018 2:00;34
14/07/2018 2:00;14/07/2018 2:30;33
14/07/2018 2:30;14/07/2018 3:00;28
14/07/2018 3:00;14/07/2018 3:30;28
14/07/2018 3:30;14/07/2018 4:00;28
14/07/2018 4:00;14/07/2018 4:30;24
14/07/2018 4:30;14/07/2018 5:00;22
14/07/2018 5:00;14/07/2018 5:30;24
14/07/2018 5:30;14/07/2018 6:00;22
14/07/2018 6:00;14/07/2018 6:30;19
14/07/2018 6:30;14/07/2018 7:00;22
14/07/2018 7:00;14/07/2018 7:30;25
14/07/2018 7:30;14/07/2018 8:00;27
14/07/2018 8:00;14/07/2018 8:30;34
14/07/2018 8:30;14/07/2018 9:00;44
14/07/2018 9:00;14/07/2018 9:30;58
14/07/2018 9:30;14/07/2018 10:00;65
14/07/2018 10:00;14/07/2018 10:30;76
14/07/2018 10:30;14/07/2018 11:00;76
14/07/2018 11:00;14/07/2018 11:30;94
14/07/2018 11:30;14/07/2018 12:00;105
14/07/2018 12:00;14/07/2018 12:30;114
14/07/2018 12:30;14/07/2018 13:00;116
14/07/2018 13:00;14/07/2018 13:30;118
14/07/2018 13:30;14/07/2018 14:00;128
14/07/2018 14:00;14/07/2018 14:30;131
14/07/2018 14:30;14/07/2018 15:00;124
14/07/2018 15:00;14/07/2018 15:30;123
14/07/2018 15:30;14/07/2018 16:00;128
14/07/2018 16:00;14/07/2018 16:30;136
14/07/2018 16:30;14/07/2018 17:00;143
14/07/2018 17:00;14/07/2018 17:30;149
14/07/2018 17:30;14/07/2018 18:00;158
14/07/2018 18:00;14/07/2018 18:30;168
14/07/2018 18:30;14/07/2018 19:00;171
14/07/2018 19:00;14/07/2018 19:30;167
14/07/2018 19:30;14/07/2018 20:00;166
14/07/2018 20:00;14/07/2018 20:30;154
14/07/2018 20:30;14/07/2018 21:00;143
14/07/2018 21:00;14/07/2018 21:30;124
14/07/2018 21:30;14/07/2018 22:00;104
14/07/2018 22:00;14/07/2018 22:30;85
14/07/2018 22:30;14/07/2018 23:00;63
14/07/2018 23:00;14/07/2018 23:30;53
14/07/2018 23:30;15/07/2018 0:00;52
15/07/2018 0:00;15/07/2018 0:30;44
15/07/2018 0:30;15/07/2018 1:00;40
15/07/2018 1:00;15/07/2018 1:30;36
15/07/2018 1:30;15/07/2018 2:00;32
15/07/2018 2:00;15/07/2018 2:30;32
15/07/2018 2:30;15/07/2018 3:00;37
15/07/2018 3:00;15/07/2018 3:30;26
15/07/2018 3:30;15/07/2018 4:00;26
15/07/2018 4:00;15/07/2018 4:30;27
15/07/2018 4:30;15/07/2018 5:00;26
15/07/2018 5:00;15/07/2018 5:30;24
15/07/2018 5:30;15/07/2018 6:00;23
15/07/2018 6:00;15/07/2018 6:30;20
15/07/2018 6:30;15/07/2018 7:00;21
15/07/2018 7:00;15/07/2018 7:30;21
15/07/2018 7:30;15/07/2018 8:00;31
15/07/2018 8:00;15/07/2018 8:30;35
15/07/2018 8:30;15/07/2018 9:00;50
15/07/2018 9:00;15/07/2018 9:30;73
15/07/2018 9:30;15/07/2018 10:00;78
15/07/2018 10:00;15/07/2018 10:30;78
15/07/2018 10:30;15/07/2018 11:00;85
15/07/2018 11:00;15/07/2018 11:30;95
15/07/2018 11:30;15/07/2018 12:00;104
15/07/2018 12:00;15/07/2018 12:30;113
15/07/2018 12:30;15/07/2018 13:00;112
15/07/2018 13:00;15/07/2018 13:30;104
15/07/2018 13:30;15/07/2018 14:00;94
15/07/2018 14:00;15/07/2018 14:30;111
15/07/2018 14:30;15/07/2018 15:00;113
15/07/2018 15:00;15/07/2018 15:30;117
15/07/2018 15:30;15/07/2018 16:00;126
15/07/2018 16:00;15/07/2018 16:30;132
15/07/2018 16:30;15/07/2018 17:00;132
15/07/2018 17:00;15/07/2018 17:30;128
15/07/2018 17:30;15/07/2018 18:00;124
15/07/2018 18:00;15/07/2018 18:30;124
15/07/2018 18:30;15/07/2018 19:00;120
15/07/2018 19:00;15/07/2018 19:30;111
15/07/2018 19:30;15/07/2018 20:00;105
15/07/2018 20:00;15/07/2018 20:30;97
15/07/2018 20:30;15/07/2018 21:00;85
15/07/2018 21:00;15/07/2018 21:30;77
15/07/2018 21:30;15/07/2018 22:00;67
15/07/2018 22:00;15/07/2018 22:30;58
15/07/2018 22:30;15/07/2018 23:00;53
15/07/2018 23:00;15/07/2018 23:30;48
15/07/2018 23:30;16/07/2018 0:00;47
16/07/2018 0:00;16/07/2018 0:30;46
16/07/2018 0:30;16/07/2018 1:00;35
16/07/2018 1:00;16/07/2018 1:30;29
16/07/2018 1:30;16/07/2018 2:00;31
16/07/2018 2:00;16/07/2018 2:30;29
16/07/2018 2:30;16/07/2018 3:00;29
16/07/2018 3:00;16/07/2018 3:30;35
16/07/2018 3:30;16/07/2018 4:00;29
16/07/2018 4:00;16/07/2018 4:30;24
16/07/2018 4:30;16/07/2018 5:00;24
16/07/2018 5:00;16/07/2018 5:30;25
16/07/2018 5:30;16/07/2018 6:00;23
16/07/2018 6:00;16/07/2018 6:30;22
16/07/2018 6:30;16/07/2018 7:00;23
16/07/2018 7:00;16/07/2018 7:30;27
16/07/2018 7:30;16/07/2018 8:00;28
16/07/2018 8:00;16/07/2018 8:30;33
16/07/2018 8:30;16/07/2018 9:00;27
16/07/2018 9:00;16/07/2018 9:30;31
16/07/2018 9:30;16/07/2018 10:00;68
16/07/2018 10:00;16/07/2018 10:30;65
16/07/2018 10:30;16/07/2018 11:00;65
16/07/2018 11:00;16/07/2018 11:30;57
16/07/2018 11:30;16/07/2018 12:00;48
16/07/2018 12:00;16/07/2018 12:30;50
16/07/2018 12:30;16/07/2018 13:00;54
16/07/2018 13:00;16/07/2018 13:30;60
16/07/2018 13:30;16/07/2018 14:00;72
16/07/2018 14:00;16/07/2018 14:30;86
16/07/2018 14:30;16/07/2018 15:00;92
16/07/2018 15:00;16/07/2018 15:30;97
16/07/2018 15:30;16/07/2018 16:00;109
16/07/2018 16:00;16/07/2018 16:30;122
16/07/2018 16:30;16/07/2018 17:00;122
16/07/2018 17:00;16/07/2018 17:30;123
16/07/2018 17:30;16/07/2018 18:00;129
16/07/2018 18:00;16/07/2018 18:30;131
16/07/2018 18:30;16/07/2018 19:00;131
16/07/2018 19:00;16/07/2018 19:30;124
16/07/2018 19:30;16/07/2018 20:00;115
16/07/2018 20:00;16/07/2018 20:30;114
16/07/2018 20:30;16/07/2018 21:00;106
16/07/2018 21:00;16/07/2018 21:30;94
16/07/2018 21:30;16/07/2018 22:00;78
16/07/2018 22:00;16/07/2018 22:30;64
16/07/2018 22:30;16/07/2018 23:00;51
16/07/2018 23:00;16/07/2018 23:30;30
16/07/2018 23:30;17/07/2018 0:00;29
17/07/2018 0:00;17/07/2018 0:30;30
17/07/2018 0:30;17/07/2018 1:00;24
17/07/2018 1:00;17/07/2018 1:30;22
17/07/2018 1:30;17/07/2018 2:00;21
17/07/2018 2:00;17/07/2018 2:30;24
17/07/2018 2:30;17/07/2018 3:00;25
17/07/2018 3:00;17/07/2018 3:30;18
17/07/2018 3:30;17/07/2018 4:00;17
17/07/2018 4:00;17/07/2018 4:30;16
17/07/2018 4:30;17/07/2018 5:00;16
17/07/2018 5:00;17/07/2018 5:30;16
17/07/2018 5:30;17/07/2018 6:00;14
17/07/2018 6:00;17/07/2018 6:30;15
17/07/2018 6:30;17/07/2018 7:00;15
17/07/2018 7:00;17/07/2018 7:30;17
17/07/2018 7:30;17/07/2018 8:00;20
17/07/2018 8:00;17/07/2018 8:30;24
17/07/2018 8:30;17/07/2018 9:00;41
17/07/2018 9:00;17/07/2018 9:30;61
17/07/2018 9:30;17/07/2018 10:00;74
17/07/2018 10:00;17/07/2018 10:30;81
17/07/2018 10:30;17/07/2018 11:00;92
17/07/2018 11:00;17/07/2018 11:30;99
17/07/2018 11:30;17/07/2018 12:00;104
17/07/2018 12:00;17/07/2018 12:30;113
17/07/2018 12:30;17/07/2018 13:00;123
17/07/2018 13:00;17/07/2018 13:30;131
17/07/2018 13:30;17/07/2018 14:00;136
17/07/2018 14:00;17/07/2018 14:30;135
17/07/2018 14:30;17/07/2018 15:00;134
17/07/2018 15:00;17/07/2018 15:30;139
17/07/2018 15:30;17/07/2018 16:00;142
17/07/2018 16:00;17/07/2018 16:30;151
17/07/2018 16:30;17/07/2018 17:00;152
17/07/2018 17:00;17/07/2018 17:30;150
17/07/2018 17:30;17/07/2018 18:00;152
17/07/2018 18:00;17/07/2018 18:30;154
17/07/2018 18:30;17/07/2018 19:00;139
17/07/2018 19:00;17/07/2018 19:30;145
17/07/2018 19:30;17/07/2018 20:00;132
17/07/2018 20:00;17/07/2018 20:30;127
17/07/2018 20:30;17/07/2018 21:00;116
17/07/2018 21:00;17/07/2018 21:30;106
17/07/2018 21:30;17/07/2018 22:00;92
17/07/2018 22:00;17/07/2018 22:30;77
17/07/2018 22:30;17/07/2018 23:00;65
17/07/2018 23:00;17/07/2018 23:30;64
17/07/2018 23:30;18/07/2018 0:00;40
18/07/2018 0:00;18/07/2018 0:30;45
18/07/2018 0:30;18/07/2018 1:00;39
18/07/2018 1:00;18/07/2018 1:30;27
18/07/2018 1:30;18/07/2018 2:00;27
18/07/2018 2:00;18/07/2018 2:30;35
18/07/2018 2:30;18/07/2018 3:00;28
18/07/2018 3:00;18/07/2018 3:30;22
18/07/2018 3:30;18/07/2018 4:00;23
18/07/2018 4:00;18/07/2018 4:30;22
18/07/2018 4:30;18/07/2018 5:00;21
18/07/2018 5:00;18/07/2018 5:30;20
18/07/2018 5:30;18/07/2018 6:00;18
18/07/2018 6:00;18/07/2018 6:30;19
18/07/2018 6:30;18/07/2018 7:00;17
18/07/2018 7:00;18/07/2018 7:30;18
18/07/2018 7:30;18/07/2018 8:00;20
18/07/2018 8:00;18/07/2018 8:30;27
18/07/2018 8:30;18/07/2018 9:00;40
18/07/2018 9:00;18/07/2018 9:30;60
18/07/2018 9:30;18/07/2018 10:00;68
18/07/2018 10:00;18/07/2018 10:30;83
18/07/2018 10:30;18/07/2018 11:00;92
18/07/2018 11:00;18/07/2018 11:30;95
18/07/2018 11:30;18/07/2018 12:00;104
18/07/2018 12:00;18/07/2018 12:30;125
18/07/2018 12:30;18/07/2018 13:00;139
18/07/2018 13:00;18/07/2018 13:30;148
18/07/2018 13:30;18/07/2018 14:00;153
18/07/2018 14:00;18/07/2018 14:30;155
18/07/2018 14:30;18/07/2018 15:00;154
18/07/2018 15:00;18/07/2018 15:30;164
18/07/2018 15:30;18/07/2018 16:00;169
18/07/2018 16:00;18/07/2018 16:30;162
18/07/2018 16:30;18/07/2018 17:00;155
18/07/2018 17:00;18/07/2018 17:30;157
18/07/2018 17:30;18/07/2018 18:00;154
18/07/2018 18:00;18/07/2018 18:30;155
18/07/2018 18:30;18/07/2018 19:00;150
18/07/2018 19:00;18/07/2018 19:30;146
18/07/2018 19:30;18/07/2018 20:00;135
18/07/2018 20:00;18/07/2018 20:30;122
18/07/2018 20:30;18/07/2018 21:00;104
18/07/2018 21:00;18/07/2018 21:30;91
18/07/2018 21:30;18/07/2018 22:00;82
18/07/2018 22:00;18/07/2018 22:30;71
18/07/2018 22:30;18/07/2018 23:00;55
18/07/2018 23:00;18/07/2018 23:30;58
18/07/2018 23:30;19/07/2018 0:00;51
19/07/2018 0:00;19/07/2018 0:30;47
19/07/2018 0:30;19/07/2018 1:00;43
19/07/2018 1:00;19/07/2018 1:30;36
19/07/2018 1:30;19/07/2018 2:00;34
19/07/2018 2:00;19/07/2018 2:30;33
19/07/2018 2:30;19/07/2018 3:00;28
19/07/2018 3:00;19/07/2018 3:30;27
19/07/2018 3:30;19/07/2018 4:00;25
19/07/2018 4:00;19/07/2018 4:30;26
19/07/2018 4:30;19/07/2018 5:00;24
19/07/2018 5:00;19/07/2018 5:30;19
19/07/2018 5:30;19/07/2018 6:00;23
19/07/2018 6:00;19/07/2018 6:30;18
19/07/2018 6:30;19/07/2018 7:00;16
19/07/2018 7:00;19/07/2018 7:30;21
19/07/2018 7:30;19/07/2018 8:00;23
19/07/2018 8:00;19/07/2018 8:30;28
19/07/2018 8:30;19/07/2018 9:00;42
19/07/2018 9:00;19/07/2018 9:30;56
19/07/2018 9:30;19/07/2018 10:00;61
19/07/2018 10:00;19/07/2018 10:30;72
19/07/2018 10:30;19/07/2018 11:00;75
19/07/2018 11:00;19/07/2018 11:30;82
19/07/2018 11:30;19/07/2018 12:00;95
19/07/2018 12:00;19/07/2018 12:30;114
19/07/2018 12:30;19/07/2018 13:00;134
19/07/2018 13:00;19/07/2018 13:30;139
19/07/2018 13:30;19/07/2018 14:00;143
19/07/2018 14:00;19/07/2018 14:30;139
19/07/2018 14:30;19/07/2018 15:00;139
19/07/2018 15:00;19/07/2018 15:30;145
19/07/2018 15:30;19/07/2018 16:00;152
19/07/2018 16:00;19/07/2018 16:30;158
19/07/2018 16:30;19/07/2018 17:00;154
19/07/2018 17:00;19/07/2018 17:30;151
19/07/2018 17:30;19/07/2018 18:00;155
19/07/2018 18:00;19/07/2018 18:30;158
19/07/2018 18:30;19/07/2018 19:00;152
19/07/2018 19:00;19/07/2018 19:30;141
19/07/2018 19:30;19/07/2018 20:00;138
19/07/2018 20:00;19/07/2018 20:30;131
19/07/2018 20:30;19/07/2018 21:00;115
19/07/2018 21:00;19/07/2018 21:30;96
19/07/2018 21:30;19/07/2018 22:00;75
19/07/2018 22:00;19/07/2018 22:30;65
19/07/2018 22:30;19/07/2018 23:00;56
19/07/2018 23:00;19/07/2018 23:30;52
19/07/2018 23:30;20/07/2018 0:00;43
20/07/2018 0:00;20/07/2018 0:30;39
20/07/2018 0:30;20/07/2018 1:00;44
20/07/2018 1:00;20/07/2018 1:30;39
20/07/2018 1:30;20/07/2018 2:00;35
20/07/2018 2:00;20/07/2018 2:30;32
20/07/2018 2:30;20/07/2018 3:00;29
20/07/2018 3:00;20/07/2018 3:30;25
20/07/2018 3:30;20/07/2018 4:00;27
20/07/2018 4:00;20/07/2018 4:30;29
20/07/2018 4:30;20/07/2018 5:00;28
20/07/2018 5:00;20/07/2018 5:30;27
20/07/2018 5:30;20/07/2018 6:00;21
20/07/2018 6:00;20/07/2018 6:30;19
20/07/2018 6:30;20/07/2018 7:00;19
20/07/2018 7:00;20/07/2018 7:30;20
20/07/2018 7:30;20/07/2018 8:00;24
20/07/2018 8:00;20/07/2018 8:30;28
20/07/2018 8:30;20/07/2018 9:00;41
20/07/2018 9:00;20/07/2018 9:30;57
20/07/2018 9:30;20/07/2018 10:00;62
20/07/2018 10:00;20/07/2018 10:30;67
20/07/2018 10:30;20/07/2018 11:00;76
20/07/2018 11:00;20/07/2018 11:30;89
20/07/2018 11:30;20/07/2018 12:00;107
20/07/2018 12:00;20/07/2018 12:30;118
20/07/2018 12:30;20/07/2018 13:00;119
20/07/2018 13:00;20/07/2018 13:30;119
20/07/2018 13:30;20/07/2018 14:00;124
20/07/2018 14:00;20/07/2018 14:30;140
20/07/2018 14:30;20/07/2018 15:00;138
20/07/2018 15:00;20/07/2018 15:30;135
20/07/2018 15:30;20/07/2018 16:00;137
20/07/2018 16:00;20/07/2018 16:30;137
20/07/2018 16:30;20/07/2018 17:00;134
20/07/2018 17:00;20/07/2018 17:30;131
20/07/2018 17:30;20/07/2018 18:00;133
20/07/2018 18:00;20/07/2018 18:30;134
20/07/2018 18:30;20/07/2018 19:00;128
20/07/2018 19:00;20/07/2018 19:30;122
20/07/2018 19:30;20/07/2018 20:00;110
20/07/2018 20:00;20/07/2018 20:30;94
20/07/2018 20:30;20/07/2018 21:00;85
20/07/2018 21:00;20/07/2018 21:30;76
20/07/2018 21:30;20/07/2018 22:00;74
20/07/2018 22:00;20/07/2018 22:30;70
20/07/2018 22:30;20/07/2018 23:00;69
20/07/2018 23:00;20/07/2018 23:30;61
20/07/2018 23:30;21/07/2018 0:00;58
21/07/2018 0:00;21/07/2018 0:30;77
21/07/2018 0:30;21/07/2018 1:00;94
21/07/2018 1:00;21/07/2018 1:30;80
21/07/2018 1:30;21/07/2018 2:00;70
21/07/2018 2:00;21/07/2018 2:30;64
21/07/2018 2:30;21/07/2018 3:00;59
21/07/2018 3:00;21/07/2018 3:30;51
21/07/2018 3:30;21/07/2018 4:00;39
21/07/2018 4:00;21/07/2018 4:30;28
21/07/2018 4:30;21/07/2018 5:00;31
21/07/2018 5:00;21/07/2018 5:30;27
21/07/2018 5:30;21/07/2018 6:00;24
21/07/2018 6:00;21/07/2018 6:30;25
21/07/2018 6:30;21/07/2018 7:00;31
21/07/2018 7:00;21/07/2018 7:30;56
21/07/2018 7:30;21/07/2018 8:00;66
21/07/2018 8:00;21/07/2018 8:30;67
21/07/2018 8:30;21/07/2018 9:00;66
21/07/2018 9:00;21/07/2018 9:30;69
21/07/2018 9:30;21/07/2018 10:00;76
21/07/2018 10:00;21/07/2018 10:30;77
21/07/2018 10:30;21/07/2018 11:00;79
21/07/2018 11:00;21/07/2018 11:30;79
21/07/2018 11:30;21/07/2018 12:00;81
21/07/2018 12:00;21/07/2018 12:30;91
21/07/2018 12:30;21/07/2018 13:00;91
21/07/2018 13:00;21/07/2018 13:30;100
21/07/2018 13:30;21/07/2018 14:00;109
21/07/2018 14:00;21/07/2018 14:30;115
21/07/2018 14:30;21/07/2018 15:00;113
21/07/2018 15:00;21/07/2018 15:30;119
21/07/2018 15:30;21/07/2018 16:00;123
21/07/2018 16:00;21/07/2018 16:30;126
21/07/2018 16:30;21/07/2018 17:00;125
21/07/2018 17:00;21/07/2018 17:30;125
21/07/2018 17:30;21/07/2018 18:00;123
21/07/2018 18:00;21/07/2018 18:30;125
21/07/2018 18:30;21/07/2018 19:00;128
21/07/2018 19:00;21/07/2018 19:30;121
21/07/2018 19:30;21/07/2018 20:00;112
21/07/2018 20:00;21/07/2018 20:30;105
21/07/2018 20:30;21/07/2018 21:00;94
21/07/2018 21:00;21/07/2018 21:30;90
21/07/2018 21:30;21/07/2018 22:00;92
21/07/2018 22:00;21/07/2018 22:30;83
21/07/2018 22:30;21/07/2018 23:00;79
21/07/2018 23:00;21/07/2018 23:30;74
21/07/2018 23:30;22/07/2018 0:00;65
22/07/2018 0:00;22/07/2018 0:30;57
22/07/2018 0:30;22/07/2018 1:00;49
22/07/2018 1:00;22/07/2018 1:30;48
22/07/2018 1:30;22/07/2018 2:00;49
22/07/2018 2:00;22/07/2018 2:30;49
22/07/2018 2:30;22/07/2018 3:00;42
22/07/2018 3:00;22/07/2018 3:30;30
22/07/2018 3:30;22/07/2018 4:00;41
22/07/2018 4:00;22/07/2018 4:30;28
22/07/2018 4:30;22/07/2018 5:00;22
22/07/2018 5:00;22/07/2018 5:30;25
22/07/2018 5:30;22/07/2018 6:00;25
22/07/2018 6:00;22/07/2018 6:30;23
22/07/2018 6:30;22/07/2018 7:00;24
22/07/2018 7:00;22/07/2018 7:30;28
22/07/2018 7:30;22/07/2018 8:00;30
22/07/2018 8:00;22/07/2018 8:30;40
22/07/2018 8:30;22/07/2018 9:00;38
22/07/2018 9:00;22/07/2018 9:30;48
22/07/2018 9:30;22/07/2018 10:00;63
22/07/2018 10:00;22/07/2018 10:30;71
22/07/2018 10:30;22/07/2018 11:00;70
22/07/2018 11:00;22/07/2018 11:30;65
22/07/2018 11:30;22/07/2018 12:00;58
22/07/2018 12:00;22/07/2018 12:30;60
22/07/2018 12:30;22/07/2018 13:00;74
22/07/2018 13:00;22/07/2018 13:30;79
22/07/2018 13:30;22/07/2018 14:00;91
22/07/2018 14:00;22/07/2018 14:30;96
22/07/2018 14:30;22/07/2018 15:00;100
22/07/2018 15:00;22/07/2018 15:30;110
22/07/2018 15:30;22/07/2018 16:00;119
22/07/2018 16:00;22/07/2018 16:30;118
22/07/2018 16:30;22/07/2018 17:00;121
22/07/2018 17:00;22/07/2018 17:30;110
22/07/2018 17:30;22/07/2018 18:00;77
22/07/2018 18:00;22/07/2018 18:30;58
22/07/2018 18:30;22/07/2018 19:00;70
22/07/2018 19:00;22/07/2018 19:30;63
22/07/2018 19:30;22/07/2018 20:00;63
22/07/2018 20:00;22/07/2018 20:30;62
22/07/2018 20:30;22/07/2018 21:00;49
22/07/2018 21:00;22/07/2018 21:30;31
22/07/2018 21:30;22/07/2018 22:00;23
22/07/2018 22:00;22/07/2018 22:30;19
22/07/2018 22:30;22/07/2018 23:00;16
22/07/2018 23:00;22/07/2018 23:30;16
22/07/2018 23:30;23/07/2018 0:00;15
23/07/2018 0:00;23/07/2018 0:30;17
23/07/2018 0:30;23/07/2018 1:00;17
23/07/2018 1:00;23/07/2018 1:30;14
23/07/2018 1:30;23/07/2018 2:00;14
23/07/2018 2:00;23/07/2018 2:30;11
23/07/2018 2:30;23/07/2018 3:00;12
23/07/2018 3:00;23/07/2018 3:30;12
23/07/2018 3:30;23/07/2018 4:00;11
23/07/2018 4:00;23/07/2018 4:30;11
23/07/2018 4:30;23/07/2018 5:00;11
23/07/2018 5:00;23/07/2018 5:30;13
23/07/2018 5:30;23/07/2018 6:00;12
23/07/2018 6:00;23/07/2018 6:30;13
23/07/2018 6:30;23/07/2018 7:00;18
23/07/2018 7:00;23/07/2018 7:30;18
23/07/2018 7:30;23/07/2018 8:00;16
23/07/2018 8:00;23/07/2018 8:30;18
23/07/2018 8:30;23/07/2018 9:00;23
23/07/2018 9:00;23/07/2018 9:30;50
23/07/2018 9:30;23/07/2018 10:00;56
23/07/2018 10:00;23/07/2018 10:30;58
23/07/2018 10:30;23/07/2018 11:00;64
23/07/2018 11:00;23/07/2018 11:30;71
23/07/2018 11:30;23/07/2018 12:00;76
23/07/2018 12:00;23/07/2018 12:30;91
23/07/2018 12:30;23/07/2018 13:00;102
23/07/2018 13:00;23/07/2018 13:30;114
23/07/2018 13:30;23/07/2018 14:00;124
23/07/2018 14:00;23/07/2018 14:30;127
23/07/2018 14:30;23/07/2018 15:00;120
23/07/2018 15:00;23/07/2018 15:30;105
23/07/2018 15:30;23/07/2018 16:00;103
23/07/2018 16:00;23/07/2018 16:30;100
23/07/2018 16:30;23/07/2018 17:00;118
23/07/2018 17:00;23/07/2018 17:30;134
23/07/2018 17:30;23/07/2018 18:00;142
23/07/2018 18:00;23/07/2018 18:30;132
23/07/2018 18:30;23/07/2018 19:00;123
23/07/2018 19:00;23/07/2018 19:30;112
23/07/2018 19:30;23/07/2018 20:00;105
23/07/2018 20:00;23/07/2018 20:30;95
23/07/2018 20:30;23/07/2018 21:00;87
23/07/2018 21:00;23/07/2018 21:30;74
23/07/2018 21:30;23/07/2018 22:00;65
23/07/2018 22:00;23/07/2018 22:30;58
23/07/2018 22:30;23/07/2018 23:00;52
23/07/2018 23:00;23/07/2018 23:30;47
23/07/2018 23:30;24/07/2018 0:00;33
24/07/2018 0:00;24/07/2018 0:30;31
24/07/2018 0:30;24/07/2018 1:00;28
24/07/2018 1:00;24/07/2018 1:30;26
24/07/2018 1:30;24/07/2018 2:00;29
24/07/2018 2:00;24/07/2018 2:30;29
24/07/2018 2:30;24/07/2018 3:00;25
24/07/2018 3:00;24/07/2018 3:30;23
24/07/2018 3:30;24/07/2018 4:00;23
24/07/2018 4:00;24/07/2018 4:30;22
24/07/2018 4:30;24/07/2018 5:00;24
24/07/2018 5:00;24/07/2018 5:30;26
24/07/2018 5:30;24/07/2018 6:00;26
24/07/2018 6:00;24/07/2018 6:30;25
24/07/2018 6:30;24/07/2018 7:00;25
24/07/2018 7:00;24/07/2018 7:30;24
24/07/2018 7:30;24/07/2018 8:00;26
24/07/2018 8:00;24/07/2018 8:30;29
24/07/2018 8:30;24/07/2018 9:00;30
24/07/2018 9:00;24/07/2018 9:30;38
24/07/2018 9:30;24/07/2018 10:00;59
24/07/2018 10:00;24/07/2018 10:30;68
24/07/2018 10:30;24/07/2018 11:00;80
24/07/2018 11:00;24/07/2018 11:30;94
24/07/2018 11:30;24/07/2018 12:00;104
24/07/2018 12:00;24/07/2018 12:30;110
24/07/2018 12:30;24/07/2018 13:00;116
24/07/2018 13:00;24/07/2018 13:30;127
24/07/2018 13:30;24/07/2018 14:00;120
24/07/2018 14:00;24/07/2018 14:30;113
24/07/2018 14:30;24/07/2018 15:00;121
24/07/2018 15:00;24/07/2018 15:30;128
24/07/2018 15:30;24/07/2018 16:00;140
24/07/2018 16:00;24/07/2018 16:30;114
24/07/2018 16:30;24/07/2018 17:00;123
24/07/2018 17:00;24/07/2018 17:30;106
24/07/2018 17:30;24/07/2018 18:00;87
24/07/2018 18:00;24/07/2018 18:30;71
24/07/2018 18:30;24/07/2018 19:00;58
24/07/2018 19:00;24/07/2018 19:30;72
24/07/2018 19:30;24/07/2018 20:00;62
24/07/2018 20:00;24/07/2018 20:30;58
24/07/2018 20:30;24/07/2018 21:00;51
24/07/2018 21:00;24/07/2018 21:30;47
24/07/2018 21:30;24/07/2018 22:00;42
24/07/2018 22:00;24/07/2018 22:30;32
24/07/2018 22:30;24/07/2018 23:00;25
24/07/2018 23:00;24/07/2018 23:30;21
24/07/2018 23:30;25/07/2018 0:00;21
25/07/2018 0:00;25/07/2018 0:30;20
25/07/2018 0:30;25/07/2018 1:00;28
25/07/2018 1:00;25/07/2018 1:30;22
25/07/2018 1:30;25/07/2018 2:00;22
25/07/2018 2:00;25/07/2018 2:30;24
25/07/2018 2:30;25/07/2018 3:00;18
25/07/2018 3:00;25/07/2018 3:30;17
25/07/2018 3:30;25/07/2018 4:00;15
25/07/2018 4:00;25/07/2018 4:30;15
25/07/2018 4:30;25/07/2018 5:00;14
25/07/2018 5:00;25/07/2018 5:30;15
25/07/2018 5:30;25/07/2018 6:00;15
25/07/2018 6:00;25/07/2018 6:30;13
25/07/2018 6:30;25/07/2018 7:00;15
25/07/2018 7:00;25/07/2018 7:30;15
25/07/2018 7:30;25/07/2018 8:00;17
25/07/2018 8:00;25/07/2018 8:30;21
25/07/2018 8:30;25/07/2018 9:00;38
25/07/2018 9:00;25/07/2018 9:30;53
25/07/2018 9:30;25/07/2018 10:00;61
25/07/2018 10:00;25/07/2018 10:30;64
25/07/2018 10:30;25/07/2018 11:00;69
25/07/2018 11:00;25/07/2018 11:30;75
25/07/2018 11:30;25/07/2018 12:00;79
25/07/2018 12:00;25/07/2018 12:30;89
25/07/2018 12:30;25/07/2018 13:00;104
25/07/2018 13:00;25/07/2018 13:30;114
25/07/2018 13:30;25/07/2018 14:00;130
25/07/2018 14:00;25/07/2018 14:30;141
25/07/2018 14:30;25/07/2018 15:00;143
25/07/2018 15:00;25/07/2018 15:30;146
25/07/2018 15:30;25/07/2018 16:00;149
25/07/2018 16:00;25/07/2018 16:30;160
25/07/2018 16:30;25/07/2018 17:00;174
25/07/2018 17:00;25/07/2018 17:30;176
25/07/2018 17:30;25/07/2018 18:00;148
25/07/2018 18:00;25/07/2018 18:30;98
25/07/2018 18:30;25/07/2018 19:00;90
25/07/2018 19:00;25/07/2018 19:30;93
25/07/2018 19:30;25/07/2018 20:00;87
25/07/2018 20:00;25/07/2018 20:30;82
25/07/2018 20:30;25/07/2018 21:00;81
25/07/2018 21:00;25/07/2018 21:30;66
25/07/2018 21:30;25/07/2018 22:00;44
25/07/2018 22:00;25/07/2018 22:30;41
25/07/2018 22:30;25/07/2018 23:00;51
25/07/2018 23:00;25/07/2018 23:30;46
25/07/2018 23:30;26/07/2018 0:00;37
26/07/2018 0:00;26/07/2018 0:30;28
26/07/2018 0:30;26/07/2018 1:00;29
26/07/2018 1:00;26/07/2018 1:30;30
26/07/2018 1:30;26/07/2018 2:00;26
26/07/2018 2:00;26/07/2018 2:30;25
26/07/2018 2:30;26/07/2018 3:00;23
26/07/2018 3:00;26/07/2018 3:30;23
26/07/2018 3:30;26/07/2018 4:00;24
26/07/2018 4:00;26/07/2018 4:30;22
26/07/2018 4:30;26/07/2018 5:00;20
26/07/2018 5:00;26/07/2018 5:30;19
26/07/2018 5:30;26/07/2018 6:00;18
26/07/2018 6:00;26/07/2018 6:30;18
26/07/2018 6:30;26/07/2018 7:00;19
26/07/2018 7:00;26/07/2018 7:30;19
26/07/2018 7:30;26/07/2018 8:00;21
26/07/2018 8:00;26/07/2018 8:30;27
26/07/2018 8:30;26/07/2018 9:00;42
26/07/2018 9:00;26/07/2018 9:30;61
26/07/2018 9:30;26/07/2018 10:00;64
26/07/2018 10:00;26/07/2018 10:30;71
26/07/2018 10:30;26/07/2018 11:00;71
26/07/2018 11:00;26/07/2018 11:30;80
26/07/2018 11:30;26/07/2018 12:00;90
26/07/2018 12:00;26/07/2018 12:30;102
26/07/2018 12:30;26/07/2018 13:00;126
26/07/2018 13:00;26/07/2018 13:30;133
26/07/2018 13:30;26/07/2018 14:00;145
26/07/2018 14:00;26/07/2018 14:30;147
26/07/2018 14:30;26/07/2018 15:00;140
26/07/2018 15:00;26/07/2018 15:30;138
26/07/2018 15:30;26/07/2018 16:00;132
26/07/2018 16:00;26/07/2018 16:30;134
26/07/2018 16:30;26/07/2018 17:00;159
26/07/2018 17:00;26/07/2018 17:30;169
26/07/2018 17:30;26/07/2018 18:00;169
26/07/2018 18:00;26/07/2018 18:30;160
26/07/2018 18:30;26/07/2018 19:00;136
26/07/2018 19:00;26/07/2018 19:30;128
26/07/2018 19:30;26/07/2018 20:00;118
26/07/2018 20:00;26/07/2018 20:30;113
26/07/2018 20:30;26/07/2018 21:00;101
26/07/2018 21:00;26/07/2018 21:30;88
26/07/2018 21:30;26/07/2018 22:00;73
26/07/2018 22:00;26/07/2018 22:30;62
26/07/2018 22:30;26/07/2018 23:00;47
26/07/2018 23:00;26/07/2018 23:30;38
26/07/2018 23:30;27/07/2018 0:00;36
27/07/2018 0:00;27/07/2018 0:30;42
27/07/2018 0:30;27/07/2018 1:00;38
27/07/2018 1:00;27/07/2018 1:30;39
27/07/2018 1:30;27/07/2018 2:00;38
27/07/2018 2:00;27/07/2018 2:30;31
27/07/2018 2:30;27/07/2018 3:00;30
27/07/2018 3:00;27/07/2018 3:30;35
27/07/2018 3:30;27/07/2018 4:00;28
27/07/2018 4:00;27/07/2018 4:30;29
27/07/2018 4:30;27/07/2018 5:00;29
27/07/2018 5:00;27/07/2018 5:30;27
27/07/2018 5:30;27/07/2018 6:00;23
27/07/2018 6:00;27/07/2018 6:30;22
27/07/2018 6:30;27/07/2018 7:00;25
27/07/2018 7:00;27/07/2018 7:30;21
27/07/2018 7:30;27/07/2018 8:00;27
27/07/2018 8:00;27/07/2018 8:30;31
27/07/2018 8:30;27/07/2018 9:00;45
27/07/2018 9:00;27/07/2018 9:30;60
27/07/2018 9:30;27/07/2018 10:00;60
27/07/2018 10:00;27/07/2018 10:30;67
27/07/2018 10:30;27/07/2018 11:00;79
27/07/2018 11:00;27/07/2018 11:30;87
27/07/2018 11:30;27/07/2018 12:00;99
27/07/2018 12:00;27/07/2018 12:30;115
27/07/2018 12:30;27/07/2018 13:00;125
27/07/2018 13:00;27/07/2018 13:30;130
27/07/2018 13:30;27/07/2018 14:00;135
27/07/2018 14:00;27/07/2018 14:30;141
27/07/2018 14:30;27/07/2018 15:00;147
27/07/2018 15:00;27/07/2018 15:30;142
27/07/2018 15:30;27/07/2018 16:00;144
27/07/2018 16:00;27/07/2018 16:30;147
27/07/2018 16:30;27/07/2018 17:00;146
27/07/2018 17:00;27/07/2018 17:30;141
27/07/2018 17:30;27/07/2018 18:00;147
27/07/2018 18:00;27/07/2018 18:30;145
27/07/2018 18:30;27/07/2018 19:00;146
27/07/2018 19:00;27/07/2018 19:30;134
27/07/2018 19:30;27/07/2018 20:00;134
27/07/2018 20:00;27/07/2018 20:30;128
27/07/2018 20:30;27/07/2018 21:00;117
27/07/2018 21:00;27/07/2018 21:30;112
27/07/2018 21:30;27/07/2018 22:00;98
27/07/2018 22:00;27/07/2018 22:30;82
27/07/2018 22:30;27/07/2018 23:00;59
27/07/2018 23:00;27/07/2018 23:30;51
27/07/2018 23:30;28/07/2018 0:00;41
28/07/2018 0:00;28/07/2018 0:30;38
28/07/2018 0:30;28/07/2018 1:00;31
28/07/2018 1:00;28/07/2018 1:30;28
28/07/2018 1:30;28/07/2018 2:00;28
28/07/2018 2:00;28/07/2018 2:30;28
28/07/2018 2:30;28/07/2018 3:00;31
28/07/2018 3:00;28/07/2018 3:30;32
28/07/2018 3:30;28/07/2018 4:00;26
28/07/2018 4:00;28/07/2018 4:30;26
28/07/2018 4:30;28/07/2018 5:00;21
28/07/2018 5:00;28/07/2018 5:30;22
28/07/2018 5:30;28/07/2018 6:00;23
28/07/2018 6:00;28/07/2018 6:30;25
28/07/2018 6:30;28/07/2018 7:00;21
28/07/2018 7:00;28/07/2018 7:30;22
28/07/2018 7:30;28/07/2018 8:00;25
28/07/2018 8:00;28/07/2018 8:30;28
28/07/2018 8:30;28/07/2018 9:00;38
28/07/2018 9:00;28/07/2018 9:30;58
28/07/2018 9:30;28/07/2018 10:00;66
28/07/2018 10:00;28/07/2018 10:30;75
28/07/2018 10:30;28/07/2018 11:00;82
28/07/2018 11:00;28/07/2018 11:30;89
28/07/2018 11:30;28/07/2018 12:00;94
28/07/2018 12:00;28/07/2018 12:30;113
28/07/2018 12:30;28/07/2018 13:00;120
28/07/2018 13:00;28/07/2018 13:30;129
28/07/2018 13:30;28/07/2018 14:00;131
28/07/2018 14:00;28/07/2018 14:30;130
28/07/2018 14:30;28/07/2018 15:00;126
28/07/2018 15:00;28/07/2018 15:30;125
28/07/2018 15:30;28/07/2018 16:00;110
28/07/2018 16:00;28/07/2018 16:30;103
28/07/2018 16:30;28/07/2018 17:00;94
28/07/2018 17:00;28/07/2018 17:30;83
28/07/2018 17:30;28/07/2018 18:00;79
28/07/2018 18:00;28/07/2018 18:30;79
28/07/2018 18:30;28/07/2018 19:00;78
28/07/2018 19:00;28/07/2018 19:30;79
28/07/2018 19:30;28/07/2018 20:00;78
28/07/2018 20:00;28/07/2018 20:30;75
28/07/2018 20:30;28/07/2018 21:00;74
28/07/2018 21:00;28/07/2018 21:30;74
28/07/2018 21:30;28/07/2018 22:00;72
28/07/2018 22:00;28/07/2018 22:30;73
28/07/2018 22:30;28/07/2018 23:00;68
28/07/2018 23:00;28/07/2018 23:30;72
28/07/2018 23:30;29/07/2018 0:00;70
29/07/2018 0:00;29/07/2018 0:30;59
29/07/2018 0:30;29/07/2018 1:00;43
29/07/2018 1:00;29/07/2018 1:30;34
29/07/2018 1:30;29/07/2018 2:00;37
29/07/2018 2:00;29/07/2018 2:30;34
29/07/2018 2:30;29/07/2018 3:00;30
29/07/2018 3:00;29/07/2018 3:30;30
29/07/2018 3:30;29/07/2018 4:00;32
29/07/2018 4:00;29/07/2018 4:30;26
29/07/2018 4:30;29/07/2018 5:00;25
29/07/2018 5:00;29/07/2018 5:30;23
29/07/2018 5:30;29/07/2018 6:00;22
29/07/2018 6:00;29/07/2018 6:30;21
29/07/2018 6:30;29/07/2018 7:00;23
29/07/2018 7:00;29/07/2018 7:30;22
29/07/2018 7:30;29/07/2018 8:00;23
29/07/2018 8:00;29/07/2018 8:30;30
29/07/2018 8:30;29/07/2018 9:00;44
29/07/2018 9:00;29/07/2018 9:30;62
29/07/2018 9:30;29/07/2018 10:00;67
29/07/2018 10:00;29/07/2018 10:30;76
29/07/2018 10:30;29/07/2018 11:00;85
29/07/2018 11:00;29/07/2018 11:30;89
29/07/2018 11:30;29/07/2018 12:00;95
29/07/2018 12:00;29/07/2018 12:30;97
29/07/2018 12:30;29/07/2018 13:00;102
29/07/2018 13:00;29/07/2018 13:30;104
29/07/2018 13:30;29/07/2018 14:00;110
29/07/2018 14:00;29/07/2018 14:30;108
29/07/2018 14:30;29/07/2018 15:00;105
29/07/2018 15:00;29/07/2018 15:30;109
29/07/2018 15:30;29/07/2018 16:00;117
29/07/2018 16:00;29/07/2018 16:30;125
29/07/2018 16:30;29/07/2018 17:00;122
29/07/2018 17:00;29/07/2018 17:30;123
29/07/2018 17:30;29/07/2018 18:00;118
29/07/2018 18:00;29/07/2018 18:30;116
29/07/2018 18:30;29/07/2018 19:00;109
29/07/2018 19:00;29/07/2018 19:30;102
29/07/2018 19:30;29/07/2018 20:00;98
29/07/2018 20:00;29/07/2018 20:30;92
29/07/2018 20:30;29/07/2018 21:00;81
29/07/2018 21:00;29/07/2018 21:30;77
29/07/2018 21:30;29/07/2018 22:00;69
29/07/2018 22:00;29/07/2018 22:30;64
29/07/2018 22:30;29/07/2018 23:00;67
29/07/2018 23:00;29/07/2018 23:30;59
29/07/2018 23:30;30/07/2018 0:00;52
30/07/2018 0:00;30/07/2018 0:30;43
30/07/2018 0:30;30/07/2018 1:00;38
30/07/2018 1:00;30/07/2018 1:30;36
30/07/2018 1:30;30/07/2018 2:00;33
30/07/2018 2:00;30/07/2018 2:30;33
30/07/2018 2:30;30/07/2018 3:00;30
30/07/2018 3:00;30/07/2018 3:30;29
30/07/2018 3:30;30/07/2018 4:00;27
30/07/2018 4:00;30/07/2018 4:30;27
30/07/2018 4:30;30/07/2018 5:00;26
30/07/2018 5:00;30/07/2018 5:30;27
30/07/2018 5:30;30/07/2018 6:00;26
30/07/2018 6:00;30/07/2018 6:30;24
30/07/2018 6:30;30/07/2018 7:00;25
30/07/2018 7:00;30/07/2018 7:30;26
30/07/2018 7:30;30/07/2018 8:00;26
30/07/2018 8:00;30/07/2018 8:30;34
30/07/2018 8:30;30/07/2018 9:00;47
30/07/2018 9:00;30/07/2018 9:30;56
30/07/2018 9:30;30/07/2018 10:00;71
30/07/2018 10:00;30/07/2018 10:30;81
30/07/2018 10:30;30/07/2018 11:00;82
30/07/2018 11:00;30/07/2018 11:30;90
30/07/2018 11:30;30/07/2018 12:00;98
30/07/2018 12:00;30/07/2018 12:30;104
30/07/2018 12:30;30/07/2018 13:00;112
30/07/2018 13:00;30/07/2018 13:30;111
30/07/2018 13:30;30/07/2018 14:00;111
30/07/2018 14:00;30/07/2018 14:30;113
30/07/2018 14:30;30/07/2018 15:00;105
30/07/2018 15:00;30/07/2018 15:30;103
30/07/2018 15:30;30/07/2018 16:00;117
30/07/2018 16:00;30/07/2018 16:30;126
30/07/2018 16:30;30/07/2018 17:00;119
30/07/2018 17:00;30/07/2018 17:30;89
30/07/2018 17:30;30/07/2018 18:00;91
30/07/2018 18:00;30/07/2018 18:30;100
30/07/2018 18:30;30/07/2018 19:00;98
30/07/2018 19:00;30/07/2018 19:30;101
30/07/2018 19:30;30/07/2018 20:00;97
30/07/2018 20:00;30/07/2018 20:30;94
30/07/2018 20:30;30/07/2018 21:00;85
30/07/2018 21:00;30/07/2018 21:30;75
30/07/2018 21:30;30/07/2018 22:00;66
30/07/2018 22:00;30/07/2018 22:30;59
30/07/2018 22:30;30/07/2018 23:00;54
30/07/2018 23:00;30/07/2018 23:30;41
30/07/2018 23:30;31/07/2018 0:00;40
31/07/2018 0:00;31/07/2018 0:30;41
31/07/2018 0:30;31/07/2018 1:00;42
31/07/2018 1:00;31/07/2018 1:30;37
31/07/2018 1:30;31/07/2018 2:00;34
31/07/2018 2:00;31/07/2018 2:30;39
31/07/2018 2:30;31/07/2018 3:00;35
31/07/2018 3:00;31/07/2018 3:30;30
31/07/2018 3:30;31/07/2018 4:00;28
31/07/2018 4:00;31/07/2018 4:30;30
31/07/2018 4:30;31/07/2018 5:00;27
31/07/2018 5:00;31/07/2018 5:30;26
31/07/2018 5:30;31/07/2018 6:00;26
31/07/2018 6:00;31/07/2018 6:30;24
31/07/2018 6:30;31/07/2018 7:00;23
31/07/2018 7:00;31/07/2018 7:30;24
31/07/2018 7:30;31/07/2018 8:00;26
31/07/2018 8:00;31/07/2018 8:30;30
31/07/2018 8:30;31/07/2018 9:00;46
31/07/2018 9:00;31/07/2018 9:30;57
31/07/2018 9:30;31/07/2018 10:00;66
31/07/2018 10:00;31/07/2018 10:30;73
31/07/2018 10:30;31/07/2018 11:00;80
31/07/2018 11:00;31/07/2018 11:30;85
31/07/2018 11:30;31/07/2018 12:00;95
31/07/2018 12:00;31/07/2018 12:30;106
31/07/2018 12:30;31/07/2018 13:00;115
31/07/2018 13:00;31/07/2018 13:30;119
31/07/2018 13:30;31/07/2018 14:00;115
31/07/2018 14:00;31/07/2018 14:30;96
31/07/2018 14:30;31/07/2018 15:00;93
31/07/2018 15:00;31/07/2018 15:30;87
31/07/2018 15:30;31/07/2018 16:00;89
31/07/2018 16:00;31/07/2018 16:30;87
31/07/2018 16:30;31/07/2018 17:00;86
31/07/2018 17:00;31/07/2018 17:30;86
31/07/2018 17:30;31/07/2018 18:00;89
31/07/2018 18:00;31/07/2018 18:30;89
31/07/2018 18:30;31/07/2018 19:00;90
31/07/2018 19:00;31/07/2018 19:30;86
31/07/2018 19:30;31/07/2018 20:00;82
31/07/2018 20:00;31/07/2018 20:30;79
31/07/2018 20:30;31/07/2018 21:00;70
31/07/2018 21:00;31/07/2018 21:30;76
31/07/2018 21:30;31/07/2018 22:00;65
31/07/2018 22:00;31/07/2018 22:30;45
31/07/2018 22:30;31/07/2018 23:00;40
31/07/2018 23:00;31/07/2018 23:30;35
31/07/2018 23:30;01/08/2018 0:00;35
01/08/2018 0:00;01/08/2018 0:30;32
01/08/2018 0:30;01/08/2018 1:00;34
01/08/2018 1:00;01/08/2018 1:30;35
01/08/2018 1:30;01/08/2018 2:00;31
01/08/2018 2:00;01/08/2018 2:30;31
01/08/2018 2:30;01/08/2018 3:00;27
01/08/2018 3:00;01/08/2018 3:30;25
01/08/2018 3:30;01/08/2018 4:00;26
01/08/2018 4:00;01/08/2018 4:30;27
01/08/2018 4:30;01/08/2018 5:00;24
01/08/2018 5:00;01/08/2018 5:30;25
01/08/2018 5:30;01/08/2018 6:00;24
01/08/2018 6:00;01/08/2018 6:30;23
01/08/2018 6:30;01/08/2018 7:00;20
01/08/2018 7:00;01/08/2018 7:30;22
01/08/2018 7:30;01/08/2018 8:00;24
01/08/2018 8:00;01/08/2018 8:30;28
01/08/2018 8:30;01/08/2018 9:00;45
01/08/2018 9:00;01/08/2018 9:30;60
01/08/2018 9:30;01/08/2018 10:00;71
01/08/2018 10:00;01/08/2018 10:30;75
01/08/2018 10:30;01/08/2018 11:00;85
01/08/2018 11:00;01/08/2018 11:30;98
01/08/2018 11:30;01/08/2018 12:00;109
01/08/2018 12:00;01/08/2018 12:30;109
01/08/2018 12:30;01/08/2018 13:00;119
01/08/2018 13:00;01/08/2018 13:30;121
01/08/2018 13:30;01/08/2018 14:00;127
01/08/2018 14:00;01/08/2018 14:30;132
01/08/2018 14:30;01/08/2018 15:00;124
01/08/2018 15:00;01/08/2018 15:30;115
01/08/2018 15:30;01/08/2018 16:00;116
01/08/2018 16:00;01/08/2018 16:30;136
01/08/2018 16:30;01/08/2018 17:00;150
01/08/2018 17:00;01/08/2018 17:30;133
01/08/2018 17:30;01/08/2018 18:00;126
01/08/2018 18:00;01/08/2018 18:30;91
01/08/2018 18:30;01/08/2018 19:00;67
01/08/2018 19:00;01/08/2018 19:30;62
01/08/2018 19:30;01/08/2018 20:00;68
01/08/2018 20:00;01/08/2018 20:30;67
01/08/2018 20:30;01/08/2018 21:00;65
01/08/2018 21:00;01/08/2018 21:30;59
01/08/2018 21:30;01/08/2018 22:00;51
01/08/2018 22:00;01/08/2018 22:30;51
01/08/2018 22:30;01/08/2018 23:00;37
01/08/2018 23:00;01/08/2018 23:30;44
01/08/2018 23:30;02/08/2018 0:00;42
02/08/2018 0:00;02/08/2018 0:30;34
02/08/2018 0:30;02/08/2018 1:00;36
02/08/2018 1:00;02/08/2018 1:30;42
02/08/2018 1:30;02/08/2018 2:00;36
02/08/2018 2:00;02/08/2018 2:30;34
02/08/2018 2:30;02/08/2018 3:00;34
02/08/2018 3:00;02/08/2018 3:30;33
02/08/2018 3:30;02/08/2018 4:00;25
02/08/2018 4:00;02/08/2018 4:30;26
02/08/2018 4:30;02/08/2018 5:00;27
02/08/2018 5:00;02/08/2018 5:30;27
02/08/2018 5:30;02/08/2018 6:00;25
02/08/2018 6:00;02/08/2018 6:30;24
02/08/2018 6:30;02/08/2018 7:00;24
02/08/2018 7:00;02/08/2018 7:30;25
02/08/2018 7:30;02/08/2018 8:00;28
02/08/2018 8:00;02/08/2018 8:30;34
02/08/2018 8:30;02/08/2018 9:00;47
02/08/2018 9:00;02/08/2018 9:30;63
02/08/2018 9:30;02/08/2018 10:00;70
02/08/2018 10:00;02/08/2018 10:30;76
02/08/2018 10:30;02/08/2018 11:00;83
02/08/2018 11:00;02/08/2018 11:30;85
02/08/2018 11:30;02/08/2018 12:00;96
02/08/2018 12:00;02/08/2018 12:30;107
02/08/2018 12:30;02/08/2018 13:00;116
02/08/2018 13:00;02/08/2018 13:30;119
02/08/2018 13:30;02/08/2018 14:00;126
02/08/2018 14:00;02/08/2018 14:30;129
02/08/2018 14:30;02/08/2018 15:00;125
02/08/2018 15:00;02/08/2018 15:30;106
02/08/2018 15:30;02/08/2018 16:00;123
02/08/2018 16:00;02/08/2018 16:30;145
02/08/2018 16:30;02/08/2018 17:00;151
02/08/2018 17:00;02/08/2018 17:30;152
02/08/2018 17:30;02/08/2018 18:00;149
02/08/2018 18:00;02/08/2018 18:30;146
02/08/2018 18:30;02/08/2018 19:00;134
02/08/2018 19:00;02/08/2018 19:30;99
02/08/2018 19:30;02/08/2018 20:00;81
02/08/2018 20:00;02/08/2018 20:30;69
02/08/2018 20:30;02/08/2018 21:00;62
02/08/2018 21:00;02/08/2018 21:30;60
02/08/2018 21:30;02/08/2018 22:00;56
02/08/2018 22:00;02/08/2018 22:30;53
02/08/2018 22:30;02/08/2018 23:00;49
02/08/2018 23:00;02/08/2018 23:30;33
02/08/2018 23:30;03/08/2018 0:00;34
03/08/2018 0:00;03/08/2018 0:30;36
03/08/2018 0:30;03/08/2018 1:00;32
03/08/2018 1:00;03/08/2018 1:30;28
03/08/2018 1:30;03/08/2018 2:00;27
03/08/2018 2:00;03/08/2018 2:30;28
03/08/2018 2:30;03/08/2018 3:00;27
03/08/2018 3:00;03/08/2018 3:30;30
03/08/2018 3:30;03/08/2018 4:00;31
03/08/2018 4:00;03/08/2018 4:30;29
03/08/2018 4:30;03/08/2018 5:00;26
03/08/2018 5:00;03/08/2018 5:30;25
03/08/2018 5:30;03/08/2018 6:00;27
03/08/2018 6:00;03/08/2018 6:30;27
03/08/2018 6:30;03/08/2018 7:00;26
03/08/2018 7:00;03/08/2018 7:30;27
03/08/2018 7:30;03/08/2018 8:00;30
03/08/2018 8:00;03/08/2018 8:30;31
03/08/2018 8:30;03/08/2018 9:00;39
03/08/2018 9:00;03/08/2018 9:30;50
03/08/2018 9:30;03/08/2018 10:00;59
03/08/2018 10:00;03/08/2018 10:30;58
03/08/2018 10:30;03/08/2018 11:00;74
03/08/2018 11:00;03/08/2018 11:30;81
03/08/2018 11:30;03/08/2018 12:00;86
03/08/2018 12:00;03/08/2018 12:30;103
03/08/2018 12:30;03/08/2018 13:00;119
03/08/2018 13:00;03/08/2018 13:30;120
03/08/2018 13:30;03/08/2018 14:00;129
03/08/2018 14:00;03/08/2018 14:30;136
03/08/2018 14:30;03/08/2018 15:00;141
03/08/2018 15:00;03/08/2018 15:30;145
03/08/2018 15:30;03/08/2018 16:00;141
03/08/2018 16:00;03/08/2018 16:30;142
03/08/2018 16:30;03/08/2018 17:00;134
03/08/2018 17:00;03/08/2018 17:30;109
03/08/2018 17:30;03/08/2018 18:00;109
03/08/2018 18:00;03/08/2018 18:30;117
03/08/2018 18:30;03/08/2018 19:00;114
03/08/2018 19:00;03/08/2018 19:30;110
03/08/2018 19:30;03/08/2018 20:00;112
03/08/2018 20:00;03/08/2018 20:30;105
03/08/2018 20:30;03/08/2018 21:00;90
03/08/2018 21:00;03/08/2018 21:30;79
03/08/2018 21:30;03/08/2018 22:00;57
03/08/2018 22:00;03/08/2018 22:30;47
03/08/2018 22:30;03/08/2018 23:00;41
03/08/2018 23:00;03/08/2018 23:30;44
03/08/2018 23:30;04/08/2018 0:00;39
04/08/2018 0:00;04/08/2018 0:30;39
04/08/2018 0:30;04/08/2018 1:00;38
04/08/2018 1:00;04/08/2018 1:30;36
04/08/2018 1:30;04/08/2018 2:00;34
04/08/2018 2:00;04/08/2018 2:30;32
04/08/2018 2:30;04/08/2018 3:00;29
04/08/2018 3:00;04/08/2018 3:30;29
04/08/2018 3:30;04/08/2018 4:00;26
04/08/2018 4:00;04/08/2018 4:30;28
04/08/2018 4:30;04/08/2018 5:00;27
04/08/2018 5:00;04/08/2018 5:30;26
04/08/2018 5:30;04/08/2018 6:00;24
04/08/2018 6:00;04/08/2018 6:30;24
04/08/2018 6:30;04/08/2018 7:00;23
04/08/2018 7:00;04/08/2018 7:30;23
04/08/2018 7:30;04/08/2018 8:00;24
04/08/2018 8:00;04/08/2018 8:30;29
04/08/2018 8:30;04/08/2018 9:00;47
04/08/2018 9:00;04/08/2018 9:30;57
04/08/2018 9:30;04/08/2018 10:00;66
04/08/2018 10:00;04/08/2018 10:30;76
04/08/2018 10:30;04/08/2018 11:00;86
04/08/2018 11:00;04/08/2018 11:30;96
04/08/2018 11:30;04/08/2018 12:00;111
04/08/2018 12:00;04/08/2018 12:30;111
04/08/2018 12:30;04/08/2018 13:00;122
04/08/2018 13:00;04/08/2018 13:30;126
04/08/2018 13:30;04/08/2018 14:00;122
04/08/2018 14:00;04/08/2018 14:30;122
04/08/2018 14:30;04/08/2018 15:00;122
04/08/2018 15:00;04/08/2018 15:30;115
04/08/2018 15:30;04/08/2018 16:00;105
04/08/2018 16:00;04/08/2018 16:30;102
04/08/2018 16:30;04/08/2018 17:00;99
04/08/2018 17:00;04/08/2018 17:30;106
04/08/2018 17:30;04/08/2018 18:00;104
04/08/2018 18:00;04/08/2018 18:30;101
04/08/2018 18:30;04/08/2018 19:00;98
04/08/2018 19:00;04/08/2018 19:30;100
04/08/2018 19:30;04/08/2018 20:00;108
04/08/2018 20:00;04/08/2018 20:30;110
04/08/2018 20:30;04/08/2018 21:00;103
04/08/2018 21:00;04/08/2018 21:30;99
04/08/2018 21:30;04/08/2018 22:00;91
04/08/2018 22:00;04/08/2018 22:30;78
04/08/2018 22:30;04/08/2018 23:00;62
04/08/2018 23:00;04/08/2018 23:30;44
04/08/2018 23:30;05/08/2018 0:00;46
05/08/2018 0:00;05/08/2018 0:30;37
05/08/2018 0:30;05/08/2018 1:00;42
05/08/2018 1:00;05/08/2018 1:30;44
05/08/2018 1:30;05/08/2018 2:00;41
05/08/2018 2:00;05/08/2018 2:30;39
05/08/2018 2:30;05/08/2018 3:00;38
05/08/2018 3:00;05/08/2018 3:30;33
05/08/2018 3:30;05/08/2018 4:00;31
05/08/2018 4:00;05/08/2018 4:30;30
05/08/2018 4:30;05/08/2018 5:00;29
05/08/2018 5:00;05/08/2018 5:30;27
05/08/2018 5:30;05/08/2018 6:00;27
05/08/2018 6:00;05/08/2018 6:30;27
05/08/2018 6:30;05/08/2018 7:00;29
05/08/2018 7:00;05/08/2018 7:30;25
05/08/2018 7:30;05/08/2018 8:00;30
05/08/2018 8:00;05/08/2018 8:30;36
05/08/2018 8:30;05/08/2018 9:00;49
05/08/2018 9:00;05/08/2018 9:30;64
05/08/2018 9:30;05/08/2018 10:00;73
05/08/2018 10:00;05/08/2018 10:30;78
05/08/2018 10:30;05/08/2018 11:00;86
05/08/2018 11:00;05/08/2018 11:30;101
05/08/2018 11:30;05/08/2018 12:00;103
05/08/2018 12:00;05/08/2018 12:30;111
05/08/2018 12:30;05/08/2018 13:00;119
05/08/2018 13:00;05/08/2018 13:30;122
05/08/2018 13:30;05/08/2018 14:00;123
05/08/2018 14:00;05/08/2018 14:30;130
05/08/2018 14:30;05/08/2018 15:00;131
05/08/2018 15:00;05/08/2018 15:30;124
05/08/2018 15:30;05/08/2018 16:00;114
05/08/2018 16:00;05/08/2018 16:30;111
05/08/2018 16:30;05/08/2018 17:00;89
05/08/2018 17:00;05/08/2018 17:30;65
05/08/2018 17:30;05/08/2018 18:00;53
05/08/2018 18:00;05/08/2018 18:30;51
05/08/2018 18:30;05/08/2018 19:00;47
05/08/2018 19:00;05/08/2018 19:30;42
05/08/2018 19:30;05/08/2018 20:00;47
05/08/2018 20:00;05/08/2018 20:30;47
05/08/2018 20:30;05/08/2018 21:00;39
05/08/2018 21:00;05/08/2018 21:30;32
05/08/2018 21:30;05/08/2018 22:00;29
05/08/2018 22:00;05/08/2018 22:30;30
05/08/2018 22:30;05/08/2018 23:00;27
05/08/2018 23:00;05/08/2018 23:30;30
05/08/2018 23:30;06/08/2018 0:00;35
06/08/2018 0:00;06/08/2018 0:30;28
06/08/2018 0:30;06/08/2018 1:00;26
06/08/2018 1:00;06/08/2018 1:30;25
06/08/2018 1:30;06/08/2018 2:00;29
06/08/2018 2:00;06/08/2018 2:30;25
06/08/2018 2:30;06/08/2018 3:00;24
06/08/2018 3:00;06/08/2018 3:30;23
06/08/2018 3:30;06/08/2018 4:00;23
06/08/2018 4:00;06/08/2018 4:30;23
06/08/2018 4:30;06/08/2018 5:00;25
06/08/2018 5:00;06/08/2018 5:30;21
06/08/2018 5:30;06/08/2018 6:00;21
06/08/2018 6:00;06/08/2018 6:30;20
06/08/2018 6:30;06/08/2018 7:00;19
06/08/2018 7:00;06/08/2018 7:30;21
06/08/2018 7:30;06/08/2018 8:00;25
06/08/2018 8:00;06/08/2018 8:30;27
06/08/2018 8:30;06/08/2018 9:00;39
06/08/2018 9:00;06/08/2018 9:30;47
06/08/2018 9:30;06/08/2018 10:00;52
06/08/2018 10:00;06/08/2018 10:30;60
06/08/2018 10:30;06/08/2018 11:00;68
06/08/2018 11:00;06/08/2018 11:30;79
06/08/2018 11:30;06/08/2018 12:00;88
06/08/2018 12:00;06/08/2018 12:30;96
06/08/2018 12:30;06/08/2018 13:00;109
06/08/2018 13:00;06/08/2018 13:30;129
06/08/2018 13:30;06/08/2018 14:00;143
06/08/2018 14:00;06/08/2018 14:30;158
06/08/2018 14:30;06/08/2018 15:00;164
06/08/2018 15:00;06/08/2018 15:30;168
06/08/2018 15:30;06/08/2018 16:00;168
06/08/2018 16:00;06/08/2018 16:30;134
06/08/2018 16:30;06/08/2018 17:00;106
06/08/2018 17:00;06/08/2018 17:30;95
06/08/2018 17:30;06/08/2018 18:00;71
06/08/2018 18:00;06/08/2018 18:30;64
06/08/2018 18:30;06/08/2018 19:00;54
06/08/2018 19:00;06/08/2018 19:30;57
06/08/2018 19:30;06/08/2018 20:00;48
06/08/2018 20:00;06/08/2018 20:30;44
06/08/2018 20:30;06/08/2018 21:00;34
06/08/2018 21:00;06/08/2018 21:30;39
06/08/2018 21:30;06/08/2018 22:00;36
06/08/2018 22:00;06/08/2018 22:30;30
06/08/2018 22:30;06/08/2018 23:00;28
06/08/2018 23:00;06/08/2018 23:30;28
06/08/2018 23:30;07/08/2018 0:00;27
07/08/2018 0:00;07/08/2018 0:30;26
07/08/2018 0:30;07/08/2018 1:00;26
07/08/2018 1:00;07/08/2018 1:30;25
07/08/2018 1:30;07/08/2018 2:00;26
07/08/2018 2:00;07/08/2018 2:30;22
07/08/2018 2:30;07/08/2018 3:00;23
07/08/2018 3:00;07/08/2018 3:30;22
07/08/2018 3:30;07/08/2018 4:00;21
07/08/2018 4:00;07/08/2018 4:30;21
07/08/2018 4:30;07/08/2018 5:00;20
07/08/2018 5:00;07/08/2018 5:30;19
07/08/2018 5:30;07/08/2018 6:00;19
07/08/2018 6:00;07/08/2018 6:30;18
07/08/2018 6:30;07/08/2018 7:00;18
07/08/2018 7:00;07/08/2018 7:30;18
07/08/2018 7:30;07/08/2018 8:00;21
07/08/2018 8:00;07/08/2018 8:30;23
07/08/2018 8:30;07/08/2018 9:00;33
07/08/2018 9:00;07/08/2018 9:30;44
07/08/2018 9:30;07/08/2018 10:00;54
07/08/2018 10:00;07/08/2018 10:30;55
07/08/2018 10:30;07/08/2018 11:00;67
07/08/2018 11:00;07/08/2018 11:30;87
07/08/2018 11:30;07/08/2018 12:00;99
07/08/2018 12:00;07/08/2018 12:30;102
07/08/2018 12:30;07/08/2018 13:00;113
07/08/2018 13:00;07/08/2018 13:30;122
07/08/2018 13:30;07/08/2018 14:00;128
07/08/2018 14:00;07/08/2018 14:30;137
07/08/2018 14:30;07/08/2018 15:00;138
07/08/2018 15:00;07/08/2018 15:30;134
07/08/2018 15:30;07/08/2018 16:00;127
07/08/2018 16:00;07/08/2018 16:30;128
07/08/2018 16:30;07/08/2018 17:00;127
07/08/2018 17:00;07/08/2018 17:30;124
07/08/2018 17:30;07/08/2018 18:00;115
07/08/2018 18:00;07/08/2018 18:30;106
07/08/2018 18:30;07/08/2018 19:00;96
07/08/2018 19:00;07/08/2018 19:30;77
07/08/2018 19:30;07/08/2018 20:00;83
07/08/2018 20:00;07/08/2018 20:30;109
07/08/2018 20:30;07/08/2018 21:00;104
07/08/2018 21:00;07/08/2018 21:30;96
07/08/2018 21:30;07/08/2018 22:00;79
07/08/2018 22:00;07/08/2018 22:30;53
07/08/2018 22:30;07/08/2018 23:00;43
07/08/2018 23:00;07/08/2018 23:30;39
07/08/2018 23:30;08/08/2018 0:00;37
08/08/2018 0:00;08/08/2018 0:30;35
08/08/2018 0:30;08/08/2018 1:00;22
08/08/2018 1:00;08/08/2018 1:30;28
08/08/2018 1:30;08/08/2018 2:00;27
08/08/2018 2:00;08/08/2018 2:30;22
08/08/2018 2:30;08/08/2018 3:00;31
08/08/2018 3:00;08/08/2018 3:30;33
08/08/2018 3:30;08/08/2018 4:00;31
08/08/2018 4:00;08/08/2018 4:30;27
08/08/2018 4:30;08/08/2018 5:00;23
08/08/2018 5:00;08/08/2018 5:30;22
08/08/2018 5:30;08/08/2018 6:00;20
08/08/2018 6:00;08/08/2018 6:30;19
08/08/2018 6:30;08/08/2018 7:00;18
08/08/2018 7:00;08/08/2018 7:30;18
08/08/2018 7:30;08/08/2018 8:00;22
08/08/2018 8:00;08/08/2018 8:30;29
08/08/2018 8:30;08/08/2018 9:00;31
08/08/2018 9:00;08/08/2018 9:30;48
08/08/2018 9:30;08/08/2018 10:00;49
08/08/2018 10:00;08/08/2018 10:30;67
08/08/2018 10:30;08/08/2018 11:00;76
08/08/2018 11:00;08/08/2018 11:30;93
08/08/2018 11:30;08/08/2018 12:00;104
08/08/2018 12:00;08/08/2018 12:30;114
08/08/2018 12:30;08/08/2018 13:00;112
08/08/2018 13:00;08/08/2018 13:30;113
08/08/2018 13:30;08/08/2018 14:00;116
08/08/2018 14:00;08/08/2018 14:30;110
08/08/2018 14:30;08/08/2018 15:00;99
08/08/2018 15:00;08/08/2018 15:30;79
08/08/2018 15:30;08/08/2018 16:00;80
08/08/2018 16:00;08/08/2018 16:30;69
08/08/2018 16:30;08/08/2018 17:00;63
08/08/2018 17:00;08/08/2018 17:30;79
08/08/2018 17:30;08/08/2018 18:00;89
08/08/2018 18:00;08/08/2018 18:30;85
08/08/2018 18:30;08/08/2018 19:00;95
08/08/2018 19:00;08/08/2018 19:30;88
08/08/2018 19:30;08/08/2018 20:00;85
08/08/2018 20:00;08/08/2018 20:30;75
08/08/2018 20:30;08/08/2018 21:00;66
08/08/2018 21:00;08/08/2018 21:30;55
08/08/2018 21:30;08/08/2018 22:00;35
08/08/2018 22:00;08/08/2018 22:30;33
08/08/2018 22:30;08/08/2018 23:00;39
08/08/2018 23:00;08/08/2018 23:30;34
08/08/2018 23:30;09/08/2018 0:00;28
09/08/2018 0:00;09/08/2018 0:30;30
09/08/2018 0:30;09/08/2018 1:00;25
09/08/2018 1:00;09/08/2018 1:30;26
09/08/2018 1:30;09/08/2018 2:00;24
09/08/2018 2:00;09/08/2018 2:30;23
09/08/2018 2:30;09/08/2018 3:00;21
09/08/2018 3:00;09/08/2018 3:30;20
09/08/2018 3:30;09/08/2018 4:00;20
09/08/2018 4:00;09/08/2018 4:30;20
09/08/2018 4:30;09/08/2018 5:00;20
09/08/2018 5:00;09/08/2018 5:30;20
09/08/2018 5:30;09/08/2018 6:00;20
09/08/2018 6:00;09/08/2018 6:30;19
09/08/2018 6:30;09/08/2018 7:00;19
09/08/2018 7:00;09/08/2018 7:30;19
09/08/2018 7:30;09/08/2018 8:00;19
09/08/2018 8:00;09/08/2018 8:30;25
09/08/2018 8:30;09/08/2018 9:00;35
09/08/2018 9:00;09/08/2018 9:30;35
09/08/2018 9:30;09/08/2018 10:00;38
09/08/2018 10:00;09/08/2018 10:30;41
09/08/2018 10:30;09/08/2018 11:00;40
09/08/2018 11:00;09/08/2018 11:30;40
09/08/2018 11:30;09/08/2018 12:00;69
09/08/2018 12:00;09/08/2018 12:30;61
09/08/2018 12:30;09/08/2018 13:00;79
09/08/2018 13:00;09/08/2018 13:30;101
09/08/2018 13:30;09/08/2018 14:00;107
09/08/2018 14:00;09/08/2018 14:30;103
09/08/2018 14:30;09/08/2018 15:00;95
09/08/2018 15:00;09/08/2018 15:30;135
09/08/2018 15:30;09/08/2018 16:00;
09/08/2018 16:00;09/08/2018 16:30;
09/08/2018 16:30;09/08/2018 17:00;
09/08/2018 17:00;09/08/2018 17:30;
09/08/2018 17:30;09/08/2018 18:00;
09/08/2018 18:00;09/08/2018 18:30;
09/08/2018 18:30;09/08/2018 19:00;135
09/08/2018 19:00;09/08/2018 19:30;114
09/08/2018 19:30;09/08/2018 20:00;102
09/08/2018 20:00;09/08/2018 20:30;88
09/08/2018 20:30;09/08/2018 21:00;77
09/08/2018 21:00;09/08/2018 21:30;51
09/08/2018 21:30;09/08/2018 22:00;47
09/08/2018 22:00;09/08/2018 22:30;45
09/08/2018 22:30;09/08/2018 23:00;37
09/08/2018 23:00;09/08/2018 23:30;40
09/08/2018 23:30;10/08/2018 0:00;35
10/08/2018 0:00;10/08/2018 0:30;58
10/08/2018 0:30;10/08/2018 1:00;59
10/08/2018 1:00;10/08/2018 1:30;48
10/08/2018 1:30;10/08/2018 2:00;48
10/08/2018 2:00;10/08/2018 2:30;60
10/08/2018 2:30;10/08/2018 3:00;77
10/08/2018 3:00;10/08/2018 3:30;60
10/08/2018 3:30;10/08/2018 4:00;61
10/08/2018 4:00;10/08/2018 4:30;63
10/08/2018 4:30;10/08/2018 5:00;62
10/08/2018 5:00;10/08/2018 5:30;53
10/08/2018 5:30;10/08/2018 6:00;41
10/08/2018 6:00;10/08/2018 6:30;36
10/08/2018 6:30;10/08/2018 7:00;25
10/08/2018 7:00;10/08/2018 7:30;29
10/08/2018 7:30;10/08/2018 8:00;35
10/08/2018 8:00;10/08/2018 8:30;41
10/08/2018 8:30;10/08/2018 9:00;47
10/08/2018 9:00;10/08/2018 9:30;67
10/08/2018 9:30;10/08/2018 10:00;73
10/08/2018 10:00;10/08/2018 10:30;82
10/08/2018 10:30;10/08/2018 11:00;88
10/08/2018 11:00;10/08/2018 11:30;79
10/08/2018 11:30;10/08/2018 12:00;87
10/08/2018 12:00;10/08/2018 12:30;101
10/08/2018 12:30;10/08/2018 13:00;99
10/08/2018 13:00;10/08/2018 13:30;100
10/08/2018 13:30;10/08/2018 14:00;100
10/08/2018 14:00;10/08/2018 14:30;101
10/08/2018 14:30;10/08/2018 15:00;109
10/08/2018 15:00;10/08/2018 15:30;114
10/08/2018 15:30;10/08/2018 16:00;118
10/08/2018 16:00;10/08/2018 16:30;122
10/08/2018 16:30;10/08/2018 17:00;120
10/08/2018 17:00;10/08/2018 17:30;122
10/08/2018 17:30;10/08/2018 18:00;123
10/08/2018 18:00;10/08/2018 18:30;116
10/08/2018 18:30;10/08/2018 19:00;114
10/08/2018 19:00;10/08/2018 19:30;116
10/08/2018 19:30;10/08/2018 20:00;117
10/08/2018 20:00;10/08/2018 20:30;108
10/08/2018 20:30;10/08/2018 21:00;94
10/08/2018 21:00;10/08/2018 21:30;83
10/08/2018 21:30;10/08/2018 22:00;70
10/08/2018 22:00;10/08/2018 22:30;68
10/08/2018 22:30;10/08/2018 23:00;59
10/08/2018 23:00;10/08/2018 23:30;58
10/08/2018 23:30;11/08/2018 0:00;47
11/08/2018 0:00;11/08/2018 0:30;37
11/08/2018 0:30;11/08/2018 1:00;39
11/08/2018 1:00;11/08/2018 1:30;37
11/08/2018 1:30;11/08/2018 2:00;32
11/08/2018 2:00;11/08/2018 2:30;27
11/08/2018 2:30;11/08/2018 3:00;24
11/08/2018 3:00;11/08/2018 3:30;22
11/08/2018 3:30;11/08/2018 4:00;24
11/08/2018 4:00;11/08/2018 4:30;21
11/08/2018 4:30;11/08/2018 5:00;18
11/08/2018 5:00;11/08/2018 5:30;20
11/08/2018 5:30;11/08/2018 6:00;20
11/08/2018 6:00;11/08/2018 6:30;15
11/08/2018 6:30;11/08/2018 7:00;15
11/08/2018 7:00;11/08/2018 7:30;16
11/08/2018 7:30;11/08/2018 8:00;18
11/08/2018 8:00;11/08/2018 8:30;25
11/08/2018 8:30;11/08/2018 9:00;35
11/08/2018 9:00;11/08/2018 9:30;50
11/08/2018 9:30;11/08/2018 10:00;55
11/08/2018 10:00;11/08/2018 10:30;65
11/08/2018 10:30;11/08/2018 11:00;77
11/08/2018 11:00;11/08/2018 11:30;85
11/08/2018 11:30;11/08/2018 12:00;97
11/08/2018 12:00;11/08/2018 12:30;115
11/08/2018 12:30;11/08/2018 13:00;124
11/08/2018 13:00;11/08/2018 13:30;123
11/08/2018 13:30;11/08/2018 14:00;126
11/08/2018 14:00;11/08/2018 14:30;128
11/08/2018 14:30;11/08/2018 15:00;129
11/08/2018 15:00;11/08/2018 15:30;130
11/08/2018 15:30;11/08/2018 16:00;128
11/08/2018 16:00;11/08/2018 16:30;132
11/08/2018 16:30;11/08/2018 17:00;134
11/08/2018 17:00;11/08/2018 17:30;133
11/08/2018 17:30;11/08/2018 18:00;133
11/08/2018 18:00;11/08/2018 18:30;131
11/08/2018 18:30;11/08/2018 19:00;131
11/08/2018 19:00;11/08/2018 19:30;127
11/08/2018 19:30;11/08/2018 20:00;122
11/08/2018 20:00;11/08/2018 20:30;112
11/08/2018 20:30;11/08/2018 21:00;107
11/08/2018 21:00;11/08/2018 21:30;99
11/08/2018 21:30;11/08/2018 22:00;97
11/08/2018 22:00;11/08/2018 22:30;87
11/08/2018 22:30;11/08/2018 23:00;80
11/08/2018 23:00;11/08/2018 23:30;72
11/08/2018 23:30;12/08/2018 0:00;68
12/08/2018 0:00;12/08/2018 0:30;53
12/08/2018 0:30;12/08/2018 1:00;41
12/08/2018 1:00;12/08/2018 1:30;34
12/08/2018 1:30;12/08/2018 2:00;29
12/08/2018 2:00;12/08/2018 2:30;29
12/08/2018 2:30;12/08/2018 3:00;32
12/08/2018 3:00;12/08/2018 3:30;31
12/08/2018 3:30;12/08/2018 4:00;35
12/08/2018 4:00;12/08/2018 4:30;36
12/08/2018 4:30;12/08/2018 5:00;35
12/08/2018 5:00;12/08/2018 5:30;34
12/08/2018 5:30;12/08/2018 6:00;34
12/08/2018 6:00;12/08/2018 6:30;35
12/08/2018 6:30;12/08/2018 7:00;33
12/08/2018 7:00;12/08/2018 7:30;31
12/08/2018 7:30;12/08/2018 8:00;31
12/08/2018 8:00;12/08/2018 8:30;34
12/08/2018 8:30;12/08/2018 9:00;39
12/08/2018 9:00;12/08/2018 9:30;44
12/08/2018 9:30;12/08/2018 10:00;56
12/08/2018 10:00;12/08/2018 10:30;67
12/08/2018 10:30;12/08/2018 11:00;75
12/08/2018 11:00;12/08/2018 11:30;82
12/08/2018 11:30;12/08/2018 12:00;89
12/08/2018 12:00;12/08/2018 12:30;94
12/08/2018 12:30;12/08/2018 13:00;101
12/08/2018 13:00;12/08/2018 13:30;104
12/08/2018 13:30;12/08/2018 14:00;106
12/08/2018 14:00;12/08/2018 14:30;112
12/08/2018 14:30;12/08/2018 15:00;112
12/08/2018 15:00;12/08/2018 15:30;106
12/08/2018 15:30;12/08/2018 16:00;101
12/08/2018 16:00;12/08/2018 16:30;105
12/08/2018 16:30;12/08/2018 17:00;107
12/08/2018 17:00;12/08/2018 17:30;102
12/08/2018 17:30;12/08/2018 18:00;96
12/08/2018 18:00;12/08/2018 18:30;94
12/08/2018 18:30;12/08/2018 19:00;92
12/08/2018 19:00;12/08/2018 19:30;92
12/08/2018 19:30;12/08/2018 20:00;90
12/08/2018 20:00;12/08/2018 20:30;92
12/08/2018 20:30;12/08/2018 21:00;89
12/08/2018 21:00;12/08/2018 21:30;112
12/08/2018 21:30;12/08/2018 22:00;126
12/08/2018 22:00;12/08/2018 22:30;157
12/08/2018 22:30;12/08/2018 23:00;144
12/08/2018 23:00;12/08/2018 23:30;120
12/08/2018 23:30;13/08/2018 0:00;87
13/08/2018 0:00;13/08/2018 0:30;75
13/08/2018 0:30;13/08/2018 1:00;67
13/08/2018 1:00;13/08/2018 1:30;67
13/08/2018 1:30;13/08/2018 2:00;62
13/08/2018 2:00;13/08/2018 2:30;52
13/08/2018 2:30;13/08/2018 3:00;47
13/08/2018 3:00;13/08/2018 3:30;38
13/08/2018 3:30;13/08/2018 4:00;30
13/08/2018 4:00;13/08/2018 4:30;35
13/08/2018 4:30;13/08/2018 5:00;34
13/08/2018 5:00;13/08/2018 5:30;30
13/08/2018 5:30;13/08/2018 6:00;29
13/08/2018 6:00;13/08/2018 6:30;25
13/08/2018 6:30;13/08/2018 7:00;21
13/08/2018 7:00;13/08/2018 7:30;18
13/08/2018 7:30;13/08/2018 8:00;20
13/08/2018 8:00;13/08/2018 8:30;26
13/08/2018 8:30;13/08/2018 9:00;48
13/08/2018 9:00;13/08/2018 9:30;57
13/08/2018 9:30;13/08/2018 10:00;55
13/08/2018 10:00;13/08/2018 10:30;69
13/08/2018 10:30;13/08/2018 11:00;75
13/08/2018 11:00;13/08/2018 11:30;74
13/08/2018 11:30;13/08/2018 12:00;80
13/08/2018 12:00;13/08/2018 12:30;104
13/08/2018 12:30;13/08/2018 13:00;91
13/08/2018 13:00;13/08/2018 13:30;99
13/08/2018 13:30;13/08/2018 14:00;128
13/08/2018 14:00;13/08/2018 14:30;142
13/08/2018 14:30;13/08/2018 15:00;148
13/08/2018 15:00;13/08/2018 15:30;146
13/08/2018 15:30;13/08/2018 16:00;140
13/08/2018 16:00;13/08/2018 16:30;137
13/08/2018 16:30;13/08/2018 17:00;130
13/08/2018 17:00;13/08/2018 17:30;127
13/08/2018 17:30;13/08/2018 18:00;118
13/08/2018 18:00;13/08/2018 18:30;94
13/08/2018 18:30;13/08/2018 19:00;85
13/08/2018 19:00;13/08/2018 19:30;71
13/08/2018 19:30;13/08/2018 20:00;70
13/08/2018 20:00;13/08/2018 20:30;66
13/08/2018 20:30;13/08/2018 21:00;66
13/08/2018 21:00;13/08/2018 21:30;73
13/08/2018 21:30;13/08/2018 22:00;75
13/08/2018 22:00;13/08/2018 22:30;78
13/08/2018 22:30;13/08/2018 23:00;75
13/08/2018 23:00;13/08/2018 23:30;69
13/08/2018 23:30;14/08/2018 0:00;63
14/08/2018 0:00;14/08/2018 0:30;66
14/08/2018 0:30;14/08/2018 1:00;61
14/08/2018 1:00;14/08/2018 1:30;58
14/08/2018 1:30;14/08/2018 2:00;59
14/08/2018 2:00;14/08/2018 2:30;52
14/08/2018 2:30;14/08/2018 3:00;48
14/08/2018 3:00;14/08/2018 3:30;45
14/08/2018 3:30;14/08/2018 4:00;44
14/08/2018 4:00;14/08/2018 4:30;42
14/08/2018 4:30;14/08/2018 5:00;39
14/08/2018 5:00;14/08/2018 5:30;35
14/08/2018 5:30;14/08/2018 6:00;30
14/08/2018 6:00;14/08/2018 6:30;27
14/08/2018 6:30;14/08/2018 7:00;26
14/08/2018 7:00;14/08/2018 7:30;26
14/08/2018 7:30;14/08/2018 8:00;52
14/08/2018 8:00;14/08/2018 8:30;65
14/08/2018 8:30;14/08/2018 9:00;68
14/08/2018 9:00;14/08/2018 9:30;70
14/08/2018 9:30;14/08/2018 10:00;73
14/08/2018 10:00;14/08/2018 10:30;81
14/08/2018 10:30;14/08/2018 11:00;95
14/08/2018 11:00;14/08/2018 11:30;98
14/08/2018 11:30;14/08/2018 12:00;100
14/08/2018 12:00;14/08/2018 12:30;103
14/08/2018 12:30;14/08/2018 13:00;108
14/08/2018 13:00;14/08/2018 13:30;107
14/08/2018 13:30;14/08/2018 14:00;106
14/08/2018 14:00;14/08/2018 14:30;113
14/08/2018 14:30;14/08/2018 15:00;118
14/08/2018 15:00;14/08/2018 15:30;118
14/08/2018 15:30;14/08/2018 16:00;118
14/08/2018 16:00;14/08/2018 16:30;123
14/08/2018 16:30;14/08/2018 17:00;124
14/08/2018 17:00;14/08/2018 17:30;117
14/08/2018 17:30;14/08/2018 18:00;118
14/08/2018 18:00;14/08/2018 18:30;118
14/08/2018 18:30;14/08/2018 19:00;112
14/08/2018 19:00;14/08/2018 19:30;97
14/08/2018 19:30;14/08/2018 20:00;87
14/08/2018 20:00;14/08/2018 20:30;81
14/08/2018 20:30;14/08/2018 21:00;78
14/08/2018 21:00;14/08/2018 21:30;77
14/08/2018 21:30;14/08/2018 22:00;85
14/08/2018 22:00;14/08/2018 22:30;84
14/08/2018 22:30;14/08/2018 23:00;76
14/08/2018 23:00;14/08/2018 23:30;68
14/08/2018 23:30;15/08/2018 0:00;65
15/08/2018 0:00;15/08/2018 0:30;67
15/08/2018 0:30;15/08/2018 1:00;63
15/08/2018 1:00;15/08/2018 1:30;63
15/08/2018 1:30;15/08/2018 2:00;61
15/08/2018 2:00;15/08/2018 2:30;56
15/08/2018 2:30;15/08/2018 3:00;52
15/08/2018 3:00;15/08/2018 3:30;47
15/08/2018 3:30;15/08/2018 4:00;45
15/08/2018 4:00;15/08/2018 4:30;41
15/08/2018 4:30;15/08/2018 5:00;36
15/08/2018 5:00;15/08/2018 5:30;31
15/08/2018 5:30;15/08/2018 6:00;31
15/08/2018 6:00;15/08/2018 6:30;33
15/08/2018 6:30;15/08/2018 7:00;26
15/08/2018 7:00;15/08/2018 7:30;30
15/08/2018 7:30;15/08/2018 8:00;43
15/08/2018 8:00;15/08/2018 8:30;52
15/08/2018 8:30;15/08/2018 9:00;68
15/08/2018 9:00;15/08/2018 9:30;79
15/08/2018 9:30;15/08/2018 10:00;79
15/08/2018 10:00;15/08/2018 10:30;85
15/08/2018 10:30;15/08/2018 11:00;90
15/08/2018 11:00;15/08/2018 11:30;94
15/08/2018 11:30;15/08/2018 12:00;97
15/08/2018 12:00;15/08/2018 12:30;105
15/08/2018 12:30;15/08/2018 13:00;105
15/08/2018 13:00;15/08/2018 13:30;109
15/08/2018 13:30;15/08/2018 14:00;116
15/08/2018 14:00;15/08/2018 14:30;121
15/08/2018 14:30;15/08/2018 15:00;119
15/08/2018 15:00;15/08/2018 15:30;117
15/08/2018 15:30;15/08/2018 16:00;109
15/08/2018 16:00;15/08/2018 16:30;108
15/08/2018 16:30;15/08/2018 17:00;105
15/08/2018 17:00;15/08/2018 17:30;117
15/08/2018 17:30;15/08/2018 18:00;120
15/08/2018 18:00;15/08/2018 18:30;117
15/08/2018 18:30;15/08/2018 19:00;117
15/08/2018 19:00;15/08/2018 19:30;111
15/08/2018 19:30;15/08/2018 20:00;104
15/08/2018 20:00;15/08/2018 20:30;100
15/08/2018 20:30;15/08/2018 21:00;96
15/08/2018 21:00;15/08/2018 21:30;93
15/08/2018 21:30;15/08/2018 22:00;85
15/08/2018 22:00;15/08/2018 22:30;80
15/08/2018 22:30;15/08/2018 23:00;79
15/08/2018 23:00;15/08/2018 23:30;79
15/08/2018 23:30;16/08/2018 0:00;77
16/08/2018 0:00;16/08/2018 0:30;74
16/08/2018 0:30;16/08/2018 1:00;68
16/08/2018 1:00;16/08/2018 1:30;57
16/08/2018 1:30;16/08/2018 2:00;40
16/08/2018 2:00;16/08/2018 2:30;38
16/08/2018 2:30;16/08/2018 3:00;29
16/08/2018 3:00;16/08/2018 3:30;33
16/08/2018 3:30;16/08/2018 4:00;32
16/08/2018 4:00;16/08/2018 4:30;34
16/08/2018 4:30;16/08/2018 5:00;29
16/08/2018 5:00;16/08/2018 5:30;25
16/08/2018 5:30;16/08/2018 6:00;24
16/08/2018 6:00;16/08/2018 6:30;22
16/08/2018 6:30;16/08/2018 7:00;22
16/08/2018 7:00;16/08/2018 7:30;21
16/08/2018 7:30;16/08/2018 8:00;24
16/08/2018 8:00;16/08/2018 8:30;27
16/08/2018 8:30;16/08/2018 9:00;34
16/08/2018 9:00;16/08/2018 9:30;36
16/08/2018 9:30;16/08/2018 10:00;53
16/08/2018 10:00;16/08/2018 10:30;67
16/08/2018 10:30;16/08/2018 11:00;80
16/08/2018 11:00;16/08/2018 11:30;91
16/08/2018 11:30;16/08/2018 12:00;98
16/08/2018 12:00;16/08/2018 12:30;106
16/08/2018 12:30;16/08/2018 13:00;111
16/08/2018 13:00;16/08/2018 13:30;115
16/08/2018 13:30;16/08/2018 14:00;112
16/08/2018 14:00;16/08/2018 14:30;115
16/08/2018 14:30;16/08/2018 15:00;115
16/08/2018 15:00;16/08/2018 15:30;115
16/08/2018 15:30;16/08/2018 16:00;114
16/08/2018 16:00;16/08/2018 16:30;118
16/08/2018 16:30;16/08/2018 17:00;121
16/08/2018 17:00;16/08/2018 17:30;109
16/08/2018 17:30;16/08/2018 18:00;106
16/08/2018 18:00;16/08/2018 18:30;107
16/08/2018 18:30;16/08/2018 19:00;107
16/08/2018 19:00;16/08/2018 19:30;97
16/08/2018 19:30;16/08/2018 20:00;90
16/08/2018 20:00;16/08/2018 20:30;89
16/08/2018 20:30;16/08/2018 21:00;83
16/08/2018 21:00;16/08/2018 21:30;76
16/08/2018 21:30;16/08/2018 22:00;73
16/08/2018 22:00;16/08/2018 22:30;64
16/08/2018 22:30;16/08/2018 23:00;58
16/08/2018 23:00;16/08/2018 23:30;42
16/08/2018 23:30;17/08/2018 0:00;36
17/08/2018 0:00;17/08/2018 0:30;45
17/08/2018 0:30;17/08/2018 1:00;38
17/08/2018 1:00;17/08/2018 1:30;43
17/08/2018 1:30;17/08/2018 2:00;43
17/08/2018 2:00;17/08/2018 2:30;37
17/08/2018 2:30;17/08/2018 3:00;31
17/08/2018 3:00;17/08/2018 3:30;25
17/08/2018 3:30;17/08/2018 4:00;26
17/08/2018 4:00;17/08/2018 4:30;23
17/08/2018 4:30;17/08/2018 5:00;22
17/08/2018 5:00;17/08/2018 5:30;22
17/08/2018 5:30;17/08/2018 6:00;21
17/08/2018 6:00;17/08/2018 6:30;21
17/08/2018 6:30;17/08/2018 7:00;19
17/08/2018 7:00;17/08/2018 7:30;21
17/08/2018 7:30;17/08/2018 8:00;23
17/08/2018 8:00;17/08/2018 8:30;27
17/08/2018 8:30;17/08/2018 9:00;46
17/08/2018 9:00;17/08/2018 9:30;65
17/08/2018 9:30;17/08/2018 10:00;66
17/08/2018 10:00;17/08/2018 10:30;66
17/08/2018 10:30;17/08/2018 11:00;61
17/08/2018 11:00;17/08/2018 11:30;71
17/08/2018 11:30;17/08/2018 12:00;76
17/08/2018 12:00;17/08/2018 12:30;94
17/08/2018 12:30;17/08/2018 13:00;77
17/08/2018 13:00;17/08/2018 13:30;93
17/08/2018 13:30;17/08/2018 14:00;96
17/08/2018 14:00;17/08/2018 14:30;86
17/08/2018 14:30;17/08/2018 15:00;69
17/08/2018 15:00;17/08/2018 15:30;67
17/08/2018 15:30;17/08/2018 16:00;68
17/08/2018 16:00;17/08/2018 16:30;67
17/08/2018 16:30;17/08/2018 17:00;64
17/08/2018 17:00;17/08/2018 17:30;73
17/08/2018 17:30;17/08/2018 18:00;77
17/08/2018 18:00;17/08/2018 18:30;73
17/08/2018 18:30;17/08/2018 19:00;71
17/08/2018 19:00;17/08/2018 19:30;71
17/08/2018 19:30;17/08/2018 20:00;60
17/08/2018 20:00;17/08/2018 20:30;61
17/08/2018 20:30;17/08/2018 21:00;49
17/08/2018 21:00;17/08/2018 21:30;37
17/08/2018 21:30;17/08/2018 22:00;37
17/08/2018 22:00;17/08/2018 22:30;27
17/08/2018 22:30;17/08/2018 23:00;24
17/08/2018 23:00;17/08/2018 23:30;27
17/08/2018 23:30;18/08/2018 0:00;25
18/08/2018 0:00;18/08/2018 0:30;23
18/08/2018 0:30;18/08/2018 1:00;26
18/08/2018 1:00;18/08/2018 1:30;19
18/08/2018 1:30;18/08/2018 2:00;19
18/08/2018 2:00;18/08/2018 2:30;26
18/08/2018 2:30;18/08/2018 3:00;27
18/08/2018 3:00;18/08/2018 3:30;20
18/08/2018 3:30;18/08/2018 4:00;17
18/08/2018 4:00;18/08/2018 4:30;16
18/08/2018 4:30;18/08/2018 5:00;19
18/08/2018 5:00;18/08/2018 5:30;14
18/08/2018 5:30;18/08/2018 6:00;15
18/08/2018 6:00;18/08/2018 6:30;18
18/08/2018 6:30;18/08/2018 7:00;27
18/08/2018 7:00;18/08/2018 7:30;19
18/08/2018 7:30;18/08/2018 8:00;20
18/08/2018 8:00;18/08/2018 8:30;24
18/08/2018 8:30;18/08/2018 9:00;32
18/08/2018 9:00;18/08/2018 9:30;37
18/08/2018 9:30;18/08/2018 10:00;58
18/08/2018 10:00;18/08/2018 10:30;71
18/08/2018 10:30;18/08/2018 11:00;76
18/08/2018 11:00;18/08/2018 11:30;84
18/08/2018 11:30;18/08/2018 12:00;86
18/08/2018 12:00;18/08/2018 12:30;92
18/08/2018 12:30;18/08/2018 13:00;101
18/08/2018 13:00;18/08/2018 13:30;113
18/08/2018 13:30;18/08/2018 14:00;123
18/08/2018 14:00;18/08/2018 14:30;133
18/08/2018 14:30;18/08/2018 15:00;133
18/08/2018 15:00;18/08/2018 15:30;129
18/08/2018 15:30;18/08/2018 16:00;129
18/08/2018 16:00;18/08/2018 16:30;124
18/08/2018 16:30;18/08/2018 17:00;108
18/08/2018 17:00;18/08/2018 17:30;117
18/08/2018 17:30;18/08/2018 18:00;125
18/08/2018 18:00;18/08/2018 18:30;113
18/08/2018 18:30;18/08/2018 19:00;103
18/08/2018 19:00;18/08/2018 19:30;100
18/08/2018 19:30;18/08/2018 20:00;90
18/08/2018 20:00;18/08/2018 20:30;73
18/08/2018 20:30;18/08/2018 21:00;56
18/08/2018 21:00;18/08/2018 21:30;48
18/08/2018 21:30;18/08/2018 22:00;33
18/08/2018 22:00;18/08/2018 22:30;23
18/08/2018 22:30;18/08/2018 23:00;20
18/08/2018 23:00;18/08/2018 23:30;22
18/08/2018 23:30;19/08/2018 0:00;23
19/08/2018 0:00;19/08/2018 0:30;19
19/08/2018 0:30;19/08/2018 1:00;18
19/08/2018 1:00;19/08/2018 1:30;20
19/08/2018 1:30;19/08/2018 2:00;21
19/08/2018 2:00;19/08/2018 2:30;18
19/08/2018 2:30;19/08/2018 3:00;16
19/08/2018 3:00;19/08/2018 3:30;18
19/08/2018 3:30;19/08/2018 4:00;16
19/08/2018 4:00;19/08/2018 4:30;17
19/08/2018 4:30;19/08/2018 5:00;14
19/08/2018 5:00;19/08/2018 5:30;13
19/08/2018 5:30;19/08/2018 6:00;12
19/08/2018 6:00;19/08/2018 6:30;13
19/08/2018 6:30;19/08/2018 7:00;13
19/08/2018 7:00;19/08/2018 7:30;13
19/08/2018 7:30;19/08/2018 8:00;12
19/08/2018 8:00;19/08/2018 8:30;16
19/08/2018 8:30;19/08/2018 9:00;26
19/08/2018 9:00;19/08/2018 9:30;34
19/08/2018 9:30;19/08/2018 10:00;40
19/08/2018 10:00;19/08/2018 10:30;47
19/08/2018 10:30;19/08/2018 11:00;63
19/08/2018 11:00;19/08/2018 11:30;76
19/08/2018 11:30;19/08/2018 12:00;84
19/08/2018 12:00;19/08/2018 12:30;89
19/08/2018 12:30;19/08/2018 13:00;104
19/08/2018 13:00;19/08/2018 13:30;115
19/08/2018 13:30;19/08/2018 14:00;132
19/08/2018 14:00;19/08/2018 14:30;143
19/08/2018 14:30;19/08/2018 15:00;142
19/08/2018 15:00;19/08/2018 15:30;137
19/08/2018 15:30;19/08/2018 16:00;135
19/08/2018 16:00;19/08/2018 16:30;127
19/08/2018 16:30;19/08/2018 17:00;135
19/08/2018 17:00;19/08/2018 17:30;132
19/08/2018 17:30;19/08/2018 18:00;127
19/08/2018 18:00;19/08/2018 18:30;123
19/08/2018 18:30;19/08/2018 19:00;126
19/08/2018 19:00;19/08/2018 19:30;136
19/08/2018 19:30;19/08/2018 20:00;136
19/08/2018 20:00;19/08/2018 20:30;125
19/08/2018 20:30;19/08/2018 21:00;114
19/08/2018 21:00;19/08/2018 21:30;101
19/08/2018 21:30;19/08/2018 22:00;94
19/08/2018 22:00;19/08/2018 22:30;66
19/08/2018 22:30;19/08/2018 23:00;42
19/08/2018 23:00;19/08/2018 23:30;41
19/08/2018 23:30;20/08/2018 0:00;34
20/08/2018 0:00;20/08/2018 0:30;37
20/08/2018 0:30;20/08/2018 1:00;37
20/08/2018 1:00;20/08/2018 1:30;30
20/08/2018 1:30;20/08/2018 2:00;31
20/08/2018 2:00;20/08/2018 2:30;28
20/08/2018 2:30;20/08/2018 3:00;25
20/08/2018 3:00;20/08/2018 3:30;21
20/08/2018 3:30;20/08/2018 4:00;19
20/08/2018 4:00;20/08/2018 4:30;21
20/08/2018 4:30;20/08/2018 5:00;19
20/08/2018 5:00;20/08/2018 5:30;16
20/08/2018 5:30;20/08/2018 6:00;16
20/08/2018 6:00;20/08/2018 6:30;13
20/08/2018 6:30;20/08/2018 7:00;15
20/08/2018 7:00;20/08/2018 7:30;15
20/08/2018 7:30;20/08/2018 8:00;16
20/08/2018 8:00;20/08/2018 8:30;20
20/08/2018 8:30;20/08/2018 9:00;43
20/08/2018 9:00;20/08/2018 9:30;47
20/08/2018 9:30;20/08/2018 10:00;54
20/08/2018 10:00;20/08/2018 10:30;69
20/08/2018 10:30;20/08/2018 11:00;80
20/08/2018 11:00;20/08/2018 11:30;101
20/08/2018 11:30;20/08/2018 12:00;109
20/08/2018 12:00;20/08/2018 12:30;116
20/08/2018 12:30;20/08/2018 13:00;121
20/08/2018 13:00;20/08/2018 13:30;125
20/08/2018 13:30;20/08/2018 14:00;129
20/08/2018 14:00;20/08/2018 14:30;140
20/08/2018 14:30;20/08/2018 15:00;140
20/08/2018 15:00;20/08/2018 15:30;131
20/08/2018 15:30;20/08/2018 16:00;126
20/08/2018 16:00;20/08/2018 16:30;122
20/08/2018 16:30;20/08/2018 17:00;117
20/08/2018 17:00;20/08/2018 17:30;113
20/08/2018 17:30;20/08/2018 18:00;109
20/08/2018 18:00;20/08/2018 18:30;114
20/08/2018 18:30;20/08/2018 19:00;114
20/08/2018 19:00;20/08/2018 19:30;114
20/08/2018 19:30;20/08/2018 20:00;117
20/08/2018 20:00;20/08/2018 20:30;108
20/08/2018 20:30;20/08/2018 21:00;103
20/08/2018 21:00;20/08/2018 21:30;97
20/08/2018 21:30;20/08/2018 22:00;75
20/08/2018 22:00;20/08/2018 22:30;51
20/08/2018 22:30;20/08/2018 23:00;43
20/08/2018 23:00;20/08/2018 23:30;38
20/08/2018 23:30;21/08/2018 0:00;36
21/08/2018 0:00;21/08/2018 0:30;38
21/08/2018 0:30;21/08/2018 1:00;35
21/08/2018 1:00;21/08/2018 1:30;30
21/08/2018 1:30;21/08/2018 2:00;32
21/08/2018 2:00;21/08/2018 2:30;30
21/08/2018 2:30;21/08/2018 3:00;26
21/08/2018 3:00;21/08/2018 3:30;25
21/08/2018 3:30;21/08/2018 4:00;25
21/08/2018 4:00;21/08/2018 4:30;21
21/08/2018 4:30;21/08/2018 5:00;22
21/08/2018 5:00;21/08/2018 5:30;20
21/08/2018 5:30;21/08/2018 6:00;17
21/08/2018 6:00;21/08/2018 6:30;15
21/08/2018 6:30;21/08/2018 7:00;16
21/08/2018 7:00;21/08/2018 7:30;19
21/08/2018 7:30;21/08/2018 8:00;20
21/08/2018 8:00;21/08/2018 8:30;22
21/08/2018 8:30;21/08/2018 9:00;35
21/08/2018 9:00;21/08/2018 9:30;48
21/08/2018 9:30;21/08/2018 10:00;55
21/08/2018 10:00;21/08/2018 10:30;69
21/08/2018 10:30;21/08/2018 11:00;74
21/08/2018 11:00;21/08/2018 11:30;65
21/08/2018 11:30;21/08/2018 12:00;82
21/08/2018 12:00;21/08/2018 12:30;92
21/08/2018 12:30;21/08/2018 13:00;104
21/08/2018 13:00;21/08/2018 13:30;111
21/08/2018 13:30;21/08/2018 14:00;126
21/08/2018 14:00;21/08/2018 14:30;135
21/08/2018 14:30;21/08/2018 15:00;146
21/08/2018 15:00;21/08/2018 15:30;146
21/08/2018 15:30;21/08/2018 16:00;140
21/08/2018 16:00;21/08/2018 16:30;141
21/08/2018 16:30;21/08/2018 17:00;143
21/08/2018 17:00;21/08/2018 17:30;143
21/08/2018 17:30;21/08/2018 18:00;142
21/08/2018 18:00;21/08/2018 18:30;145
21/08/2018 18:30;21/08/2018 19:00;135
21/08/2018 19:00;21/08/2018 19:30;129
21/08/2018 19:30;21/08/2018 20:00;123
21/08/2018 20:00;21/08/2018 20:30;101
21/08/2018 20:30;21/08/2018 21:00;86
21/08/2018 21:00;21/08/2018 21:30;76
21/08/2018 21:30;21/08/2018 22:00;57
21/08/2018 22:00;21/08/2018 22:30;40
21/08/2018 22:30;21/08/2018 23:00;37
21/08/2018 23:00;21/08/2018 23:30;28
21/08/2018 23:30;22/08/2018 0:00;36
22/08/2018 0:00;22/08/2018 0:30;28
22/08/2018 0:30;22/08/2018 1:00;26
22/08/2018 1:00;22/08/2018 1:30;29
22/08/2018 1:30;22/08/2018 2:00;27
22/08/2018 2:00;22/08/2018 2:30;26
22/08/2018 2:30;22/08/2018 3:00;25
22/08/2018 3:00;22/08/2018 3:30;24
22/08/2018 3:30;22/08/2018 4:00;23
22/08/2018 4:00;22/08/2018 4:30;17
22/08/2018 4:30;22/08/2018 5:00;20
22/08/2018 5:00;22/08/2018 5:30;23
22/08/2018 5:30;22/08/2018 6:00;20
22/08/2018 6:00;22/08/2018 6:30;19
22/08/2018 6:30;22/08/2018 7:00;15
22/08/2018 7:00;22/08/2018 7:30;17
22/08/2018 7:30;22/08/2018 8:00;16
22/08/2018 8:00;22/08/2018 8:30;19
22/08/2018 8:30;22/08/2018 9:00;39
22/08/2018 9:00;22/08/2018 9:30;59
22/08/2018 9:30;22/08/2018 10:00;59
22/08/2018 10:00;22/08/2018 10:30;60
22/08/2018 10:30;22/08/2018 11:00;69
22/08/2018 11:00;22/08/2018 11:30;79
22/08/2018 11:30;22/08/2018 12:00;84
22/08/2018 12:00;22/08/2018 12:30;96
22/08/2018 12:30;22/08/2018 13:00;111
22/08/2018 13:00;22/08/2018 13:30;
22/08/2018 13:30;22/08/2018 14:00;
22/08/2018 14:00;22/08/2018 14:30;
22/08/2018 14:30;22/08/2018 15:00;
22/08/2018 15:00;22/08/2018 15:30;
22/08/2018 15:30;22/08/2018 16:00;
22/08/2018 16:00;22/08/2018 16:30;
22/08/2018 16:30;22/08/2018 17:00;
22/08/2018 17:00;22/08/2018 17:30;
22/08/2018 17:30;22/08/2018 18:00;
22/08/2018 18:00;22/08/2018 18:30;
22/08/2018 18:30;22/08/2018 19:00;
22/08/2018 19:00;22/08/2018 19:30;
22/08/2018 19:30;22/08/2018 20:00;
22/08/2018 20:00;22/08/2018 20:30;
22/08/2018 20:30;22/08/2018 21:00;
22/08/2018 21:00;22/08/2018 21:30;42
22/08/2018 21:30;22/08/2018 22:00;40
22/08/2018 22:00;22/08/2018 22:30;35
22/08/2018 22:30;22/08/2018 23:00;33
22/08/2018 23:00;22/08/2018 23:30;32
22/08/2018 23:30;23/08/2018 0:00;25
23/08/2018 0:00;23/08/2018 0:30;21
23/08/2018 0:30;23/08/2018 1:00;24
23/08/2018 1:00;23/08/2018 1:30;24
23/08/2018 1:30;23/08/2018 2:00;26
23/08/2018 2:00;23/08/2018 2:30;21
23/08/2018 2:30;23/08/2018 3:00;22
23/08/2018 3:00;23/08/2018 3:30;16
23/08/2018 3:30;23/08/2018 4:00;18
23/08/2018 4:00;23/08/2018 4:30;18
23/08/2018 4:30;23/08/2018 5:00;17
23/08/2018 5:00;23/08/2018 5:30;14
23/08/2018 5:30;23/08/2018 6:00;15
23/08/2018 6:00;23/08/2018 6:30;18
23/08/2018 6:30;23/08/2018 7:00;11
23/08/2018 7:00;23/08/2018 7:30;14
23/08/2018 7:30;23/08/2018 8:00;15
23/08/2018 8:00;23/08/2018 8:30;18
23/08/2018 8:30;23/08/2018 9:00;34
23/08/2018 9:00;23/08/2018 9:30;49
23/08/2018 9:30;23/08/2018 10:00;53
23/08/2018 10:00;23/08/2018 10:30;64
23/08/2018 10:30;23/08/2018 11:00;78
23/08/2018 11:00;23/08/2018 11:30;85
23/08/2018 11:30;23/08/2018 12:00;87
23/08/2018 12:00;23/08/2018 12:30;93
23/08/2018 12:30;23/08/2018 13:00;101
23/08/2018 13:00;23/08/2018 13:30;114
23/08/2018 13:30;23/08/2018 14:00;126
23/08/2018 14:00;23/08/2018 14:30;126
23/08/2018 14:30;23/08/2018 15:00;134
23/08/2018 15:00;23/08/2018 15:30;134
23/08/2018 15:30;23/08/2018 16:00;128
23/08/2018 16:00;23/08/2018 16:30;104
23/08/2018 16:30;23/08/2018 17:00;82
23/08/2018 17:00;23/08/2018 17:30;57
23/08/2018 17:30;23/08/2018 18:00;56
23/08/2018 18:00;23/08/2018 18:30;59
23/08/2018 18:30;23/08/2018 19:00;53
23/08/2018 19:00;23/08/2018 19:30;46
23/08/2018 19:30;23/08/2018 20:00;39
23/08/2018 20:00;23/08/2018 20:30;47
23/08/2018 20:30;23/08/2018 21:00;37
23/08/2018 21:00;23/08/2018 21:30;27
23/08/2018 21:30;23/08/2018 22:00;32
23/08/2018 22:00;23/08/2018 22:30;34
23/08/2018 22:30;23/08/2018 23:00;29
23/08/2018 23:00;23/08/2018 23:30;26
23/08/2018 23:30;24/08/2018 0:00;22
24/08/2018 0:00;24/08/2018 0:30;22
24/08/2018 0:30;24/08/2018 1:00;20
24/08/2018 1:00;24/08/2018 1:30;21
24/08/2018 1:30;24/08/2018 2:00;21
24/08/2018 2:00;24/08/2018 2:30;17
24/08/2018 2:30;24/08/2018 3:00;17
24/08/2018 3:00;24/08/2018 3:30;16
24/08/2018 3:30;24/08/2018 4:00;16
24/08/2018 4:00;24/08/2018 4:30;14
24/08/2018 4:30;24/08/2018 5:00;14
24/08/2018 5:00;24/08/2018 5:30;13
24/08/2018 5:30;24/08/2018 6:00;13
24/08/2018 6:00;24/08/2018 6:30;12
24/08/2018 6:30;24/08/2018 7:00;12
24/08/2018 7:00;24/08/2018 7:30;11
24/08/2018 7:30;24/08/2018 8:00;14
24/08/2018 8:00;24/08/2018 8:30;18
24/08/2018 8:30;24/08/2018 9:00;28
24/08/2018 9:00;24/08/2018 9:30;42
24/08/2018 9:30;24/08/2018 10:00;50
24/08/2018 10:00;24/08/2018 10:30;67
24/08/2018 10:30;24/08/2018 11:00;63
24/08/2018 11:00;24/08/2018 11:30;73
24/08/2018 11:30;24/08/2018 12:00;84
24/08/2018 12:00;24/08/2018 12:30;89
24/08/2018 12:30;24/08/2018 13:00;94
24/08/2018 13:00;24/08/2018 13:30;104
24/08/2018 13:30;24/08/2018 14:00;109
24/08/2018 14:00;24/08/2018 14:30;116
24/08/2018 14:30;24/08/2018 15:00;120
24/08/2018 15:00;24/08/2018 15:30;112
24/08/2018 15:30;24/08/2018 16:00;103
24/08/2018 16:00;24/08/2018 16:30;104
24/08/2018 16:30;24/08/2018 17:00;106
24/08/2018 17:00;24/08/2018 17:30;100
24/08/2018 17:30;24/08/2018 18:00;98
24/08/2018 18:00;24/08/2018 18:30;94
24/08/2018 18:30;24/08/2018 19:00;74
24/08/2018 19:00;24/08/2018 19:30;90
24/08/2018 19:30;24/08/2018 20:00;77
24/08/2018 20:00;24/08/2018 20:30;58
24/08/2018 20:30;24/08/2018 21:00;46
24/08/2018 21:00;24/08/2018 21:30;36
24/08/2018 21:30;24/08/2018 22:00;33
24/08/2018 22:00;24/08/2018 22:30;34
24/08/2018 22:30;24/08/2018 23:00;32
24/08/2018 23:00;24/08/2018 23:30;32
24/08/2018 23:30;25/08/2018 0:00;33
25/08/2018 0:00;25/08/2018 0:30;29
25/08/2018 0:30;25/08/2018 1:00;51
25/08/2018 1:00;25/08/2018 1:30;46
25/08/2018 1:30;25/08/2018 2:00;37
25/08/2018 2:00;25/08/2018 2:30;40
25/08/2018 2:30;25/08/2018 3:00;41
25/08/2018 3:00;25/08/2018 3:30;45
25/08/2018 3:30;25/08/2018 4:00;41
25/08/2018 4:00;25/08/2018 4:30;36
25/08/2018 4:30;25/08/2018 5:00;28
25/08/2018 5:00;25/08/2018 5:30;26
25/08/2018 5:30;25/08/2018 6:00;42
25/08/2018 6:00;25/08/2018 6:30;45
25/08/2018 6:30;25/08/2018 7:00;40
25/08/2018 7:00;25/08/2018 7:30;39
25/08/2018 7:30;25/08/2018 8:00;44
25/08/2018 8:00;25/08/2018 8:30;52
25/08/2018 8:30;25/08/2018 9:00;65
25/08/2018 9:00;25/08/2018 9:30;77
25/08/2018 9:30;25/08/2018 10:00;84
25/08/2018 10:00;25/08/2018 10:30;84
25/08/2018 10:30;25/08/2018 11:00;81
25/08/2018 11:00;25/08/2018 11:30;89
25/08/2018 11:30;25/08/2018 12:00;89
25/08/2018 12:00;25/08/2018 12:30;90
25/08/2018 12:30;25/08/2018 13:00;76
25/08/2018 13:00;25/08/2018 13:30;87
25/08/2018 13:30;25/08/2018 14:00;91
25/08/2018 14:00;25/08/2018 14:30;97
25/08/2018 14:30;25/08/2018 15:00;81
25/08/2018 15:00;25/08/2018 15:30;104
25/08/2018 15:30;25/08/2018 16:00;105
25/08/2018 16:00;25/08/2018 16:30;104
25/08/2018 16:30;25/08/2018 17:00;107
25/08/2018 17:00;25/08/2018 17:30;105
25/08/2018 17:30;25/08/2018 18:00;98
25/08/2018 18:00;25/08/2018 18:30;89
25/08/2018 18:30;25/08/2018 19:00;86
25/08/2018 19:00;25/08/2018 19:30;84
25/08/2018 19:30;25/08/2018 20:00;79
25/08/2018 20:00;25/08/2018 20:30;72
25/08/2018 20:30;25/08/2018 21:00;72
25/08/2018 21:00;25/08/2018 21:30;67
25/08/2018 21:30;25/08/2018 22:00;61
25/08/2018 22:00;25/08/2018 22:30;72
25/08/2018 22:30;25/08/2018 23:00;65
25/08/2018 23:00;25/08/2018 23:30;52
25/08/2018 23:30;26/08/2018 0:00;48
26/08/2018 0:00;26/08/2018 0:30;43
26/08/2018 0:30;26/08/2018 1:00;60
26/08/2018 1:00;26/08/2018 1:30;59
26/08/2018 1:30;26/08/2018 2:00;65
26/08/2018 2:00;26/08/2018 2:30;67
26/08/2018 2:30;26/08/2018 3:00;64
26/08/2018 3:00;26/08/2018 3:30;57
26/08/2018 3:30;26/08/2018 4:00;56
26/08/2018 4:00;26/08/2018 4:30;55
26/08/2018 4:30;26/08/2018 5:00;53
26/08/2018 5:00;26/08/2018 5:30;50
26/08/2018 5:30;26/08/2018 6:00;55
26/08/2018 6:00;26/08/2018 6:30;63
26/08/2018 6:30;26/08/2018 7:00;69
26/08/2018 7:00;26/08/2018 7:30;67
26/08/2018 7:30;26/08/2018 8:00;65
26/08/2018 8:00;26/08/2018 8:30;54
26/08/2018 8:30;26/08/2018 9:00;64
26/08/2018 9:00;26/08/2018 9:30;84
26/08/2018 9:30;26/08/2018 10:00;91
26/08/2018 10:00;26/08/2018 10:30;97
26/08/2018 10:30;26/08/2018 11:00;103
26/08/2018 11:00;26/08/2018 11:30;101
26/08/2018 11:30;26/08/2018 12:00;96
26/08/2018 12:00;26/08/2018 12:30;84
26/08/2018 12:30;26/08/2018 13:00;92
26/08/2018 13:00;26/08/2018 13:30;94
26/08/2018 13:30;26/08/2018 14:00;105
26/08/2018 14:00;26/08/2018 14:30;111
26/08/2018 14:30;26/08/2018 15:00;115
26/08/2018 15:00;26/08/2018 15:30;111
26/08/2018 15:30;26/08/2018 16:00;106
26/08/2018 16:00;26/08/2018 16:30;105
26/08/2018 16:30;26/08/2018 17:00;109
26/08/2018 17:00;26/08/2018 17:30;101
26/08/2018 17:30;26/08/2018 18:00;96
26/08/2018 18:00;26/08/2018 18:30;93
26/08/2018 18:30;26/08/2018 19:00;90
26/08/2018 19:00;26/08/2018 19:30;85
26/08/2018 19:30;26/08/2018 20:00;82
26/08/2018 20:00;26/08/2018 20:30;76
26/08/2018 20:30;26/08/2018 21:00;74
26/08/2018 21:00;26/08/2018 21:30;72
26/08/2018 21:30;26/08/2018 22:00;68
26/08/2018 22:00;26/08/2018 22:30;64
26/08/2018 22:30;26/08/2018 23:00;56
26/08/2018 23:00;26/08/2018 23:30;44
26/08/2018 23:30;27/08/2018 0:00;24
27/08/2018 0:00;27/08/2018 0:30;28
27/08/2018 0:30;27/08/2018 1:00;28
27/08/2018 1:00;27/08/2018 1:30;24
27/08/2018 1:30;27/08/2018 2:00;28
27/08/2018 2:00;27/08/2018 2:30;22
27/08/2018 2:30;27/08/2018 3:00;16
27/08/2018 3:00;27/08/2018 3:30;21
27/08/2018 3:30;27/08/2018 4:00;20
27/08/2018 4:00;27/08/2018 4:30;20
27/08/2018 4:30;27/08/2018 5:00;19
27/08/2018 5:00;27/08/2018 5:30;17
27/08/2018 5:30;27/08/2018 6:00;17
27/08/2018 6:00;27/08/2018 6:30;19
27/08/2018 6:30;27/08/2018 7:00;19
27/08/2018 7:00;27/08/2018 7:30;16
27/08/2018 7:30;27/08/2018 8:00;16
27/08/2018 8:00;27/08/2018 8:30;22
27/08/2018 8:30;27/08/2018 9:00;29
27/08/2018 9:00;27/08/2018 9:30;34
27/08/2018 9:30;27/08/2018 10:00;39
27/08/2018 10:00;27/08/2018 10:30;54
27/08/2018 10:30;27/08/2018 11:00;69
27/08/2018 11:00;27/08/2018 11:30;73
27/08/2018 11:30;27/08/2018 12:00;74
27/08/2018 12:00;27/08/2018 12:30;79
27/08/2018 12:30;27/08/2018 13:00;87
27/08/2018 13:00;27/08/2018 13:30;96
27/08/2018 13:30;27/08/2018 14:00;100
27/08/2018 14:00;27/08/2018 14:30;111
27/08/2018 14:30;27/08/2018 15:00;111
27/08/2018 15:00;27/08/2018 15:30;102
27/08/2018 15:30;27/08/2018 16:00;108
27/08/2018 16:00;27/08/2018 16:30;110
27/08/2018 16:30;27/08/2018 17:00;113
27/08/2018 17:00;27/08/2018 17:30;114
27/08/2018 17:30;27/08/2018 18:00;112
27/08/2018 18:00;27/08/2018 18:30;111
27/08/2018 18:30;27/08/2018 19:00;109
27/08/2018 19:00;27/08/2018 19:30;103
27/08/2018 19:30;27/08/2018 20:00;95
27/08/2018 20:00;27/08/2018 20:30;86
27/08/2018 20:30;27/08/2018 21:00;81
27/08/2018 21:00;27/08/2018 21:30;76
27/08/2018 21:30;27/08/2018 22:00;73
27/08/2018 22:00;27/08/2018 22:30;60
27/08/2018 22:30;27/08/2018 23:00;54
27/08/2018 23:00;27/08/2018 23:30;46
27/08/2018 23:30;28/08/2018 0:00;37
28/08/2018 0:00;28/08/2018 0:30;35
28/08/2018 0:30;28/08/2018 1:00;39
28/08/2018 1:00;28/08/2018 1:30;34
28/08/2018 1:30;28/08/2018 2:00;33
28/08/2018 2:00;28/08/2018 2:30;29
28/08/2018 2:30;28/08/2018 3:00;30
28/08/2018 3:00;28/08/2018 3:30;30
28/08/2018 3:30;28/08/2018 4:00;29
28/08/2018 4:00;28/08/2018 4:30;25
28/08/2018 4:30;28/08/2018 5:00;25
28/08/2018 5:00;28/08/2018 5:30;26
28/08/2018 5:30;28/08/2018 6:00;26
28/08/2018 6:00;28/08/2018 6:30;25
28/08/2018 6:30;28/08/2018 7:00;26
28/08/2018 7:00;28/08/2018 7:30;27
28/08/2018 7:30;28/08/2018 8:00;26
28/08/2018 8:00;28/08/2018 8:30;25
28/08/2018 8:30;28/08/2018 9:00;30
28/08/2018 9:00;28/08/2018 9:30;38
28/08/2018 9:30;28/08/2018 10:00;44
28/08/2018 10:00;28/08/2018 10:30;42
28/08/2018 10:30;28/08/2018 11:00;59
28/08/2018 11:00;28/08/2018 11:30;67
28/08/2018 11:30;28/08/2018 12:00;73
28/08/2018 12:00;28/08/2018 12:30;84
28/08/2018 12:30;28/08/2018 13:00;86
28/08/2018 13:00;28/08/2018 13:30;97
28/08/2018 13:30;28/08/2018 14:00;104
28/08/2018 14:00;28/08/2018 14:30;108
28/08/2018 14:30;28/08/2018 15:00;115
28/08/2018 15:00;28/08/2018 15:30;113
28/08/2018 15:30;28/08/2018 16:00;107
28/08/2018 16:00;28/08/2018 16:30;103
28/08/2018 16:30;28/08/2018 17:00;108
28/08/2018 17:00;28/08/2018 17:30;106
28/08/2018 17:30;28/08/2018 18:00;99
28/08/2018 18:00;28/08/2018 18:30;96
28/08/2018 18:30;28/08/2018 19:00;97
28/08/2018 19:00;28/08/2018 19:30;90
28/08/2018 19:30;28/08/2018 20:00;79
28/08/2018 20:00;28/08/2018 20:30;61
28/08/2018 20:30;28/08/2018 21:00;48
28/08/2018 21:00;28/08/2018 21:30;47
28/08/2018 21:30;28/08/2018 22:00;44
28/08/2018 22:00;28/08/2018 22:30;46
28/08/2018 22:30;28/08/2018 23:00;53
28/08/2018 23:00;28/08/2018 23:30;64
28/08/2018 23:30;29/08/2018 0:00;77
29/08/2018 0:00;29/08/2018 0:30;89
29/08/2018 0:30;29/08/2018 1:00;84
29/08/2018 1:00;29/08/2018 1:30;70
29/08/2018 1:30;29/08/2018 2:00;63
29/08/2018 2:00;29/08/2018 2:30;54
29/08/2018 2:30;29/08/2018 3:00;55
29/08/2018 3:00;29/08/2018 3:30;43
29/08/2018 3:30;29/08/2018 4:00;51
29/08/2018 4:00;29/08/2018 4:30;53
29/08/2018 4:30;29/08/2018 5:00;43
29/08/2018 5:00;29/08/2018 5:30;35
29/08/2018 5:30;29/08/2018 6:00;36
29/08/2018 6:00;29/08/2018 6:30;38
29/08/2018 6:30;29/08/2018 7:00;29
29/08/2018 7:00;29/08/2018 7:30;30
29/08/2018 7:30;29/08/2018 8:00;29
29/08/2018 8:00;29/08/2018 8:30;26
29/08/2018 8:30;29/08/2018 9:00;44
29/08/2018 9:00;29/08/2018 9:30;59
29/08/2018 9:30;29/08/2018 10:00;59
29/08/2018 10:00;29/08/2018 10:30;70
29/08/2018 10:30;29/08/2018 11:00;77
29/08/2018 11:00;29/08/2018 11:30;79
29/08/2018 11:30;29/08/2018 12:00;91
29/08/2018 12:00;29/08/2018 12:30;97
29/08/2018 12:30;29/08/2018 13:00;102
29/08/2018 13:00;29/08/2018 13:30;110
29/08/2018 13:30;29/08/2018 14:00;104
29/08/2018 14:00;29/08/2018 14:30;100
29/08/2018 14:30;29/08/2018 15:00;98
29/08/2018 15:00;29/08/2018 15:30;103
29/08/2018 15:30;29/08/2018 16:00;84
29/08/2018 16:00;29/08/2018 16:30;78
29/08/2018 16:30;29/08/2018 17:00;82
29/08/2018 17:00;29/08/2018 17:30;83
29/08/2018 17:30;29/08/2018 18:00;82
29/08/2018 18:00;29/08/2018 18:30;80
29/08/2018 18:30;29/08/2018 19:00;92
29/08/2018 19:00;29/08/2018 19:30;79
29/08/2018 19:30;29/08/2018 20:00;81
29/08/2018 20:00;29/08/2018 20:30;69
29/08/2018 20:30;29/08/2018 21:00;54
29/08/2018 21:00;29/08/2018 21:30;51
29/08/2018 21:30;29/08/2018 22:00;41
29/08/2018 22:00;29/08/2018 22:30;35
29/08/2018 22:30;29/08/2018 23:00;41
29/08/2018 23:00;29/08/2018 23:30;38
29/08/2018 23:30;30/08/2018 0:00;31
30/08/2018 0:00;30/08/2018 0:30;36
30/08/2018 0:30;30/08/2018 1:00;33
30/08/2018 1:00;30/08/2018 1:30;28
30/08/2018 1:30;30/08/2018 2:00;24
30/08/2018 2:00;30/08/2018 2:30;20
30/08/2018 2:30;30/08/2018 3:00;20
30/08/2018 3:00;30/08/2018 3:30;20
30/08/2018 3:30;30/08/2018 4:00;20
30/08/2018 4:00;30/08/2018 4:30;27
30/08/2018 4:30;30/08/2018 5:00;23
30/08/2018 5:00;30/08/2018 5:30;23
30/08/2018 5:30;30/08/2018 6:00;23
30/08/2018 6:00;30/08/2018 6:30;21
30/08/2018 6:30;30/08/2018 7:00;20
30/08/2018 7:00;30/08/2018 7:30;20
30/08/2018 7:30;30/08/2018 8:00;20
30/08/2018 8:00;30/08/2018 8:30;22
30/08/2018 8:30;30/08/2018 9:00;23
30/08/2018 9:00;30/08/2018 9:30;29
30/08/2018 9:30;30/08/2018 10:00;41
30/08/2018 10:00;30/08/2018 10:30;49
30/08/2018 10:30;30/08/2018 11:00;54
30/08/2018 11:00;30/08/2018 11:30;58
30/08/2018 11:30;30/08/2018 12:00;62
30/08/2018 12:00;30/08/2018 12:30;69
30/08/2018 12:30;30/08/2018 13:00;77
30/08/2018 13:00;30/08/2018 13:30;64
30/08/2018 13:30;30/08/2018 14:00;43
30/08/2018 14:00;30/08/2018 14:30;50
30/08/2018 14:30;30/08/2018 15:00;59
30/08/2018 15:00;30/08/2018 15:30;59
30/08/2018 15:30;30/08/2018 16:00;58
30/08/2018 16:00;30/08/2018 16:30;57
30/08/2018 16:30;30/08/2018 17:00;61
30/08/2018 17:00;30/08/2018 17:30;61
30/08/2018 17:30;30/08/2018 18:00;61
30/08/2018 18:00;30/08/2018 18:30;59
30/08/2018 18:30;30/08/2018 19:00;57
30/08/2018 19:00;30/08/2018 19:30;56
30/08/2018 19:30;30/08/2018 20:00;54
30/08/2018 20:00;30/08/2018 20:30;55
30/08/2018 20:30;30/08/2018 21:00;51
30/08/2018 21:00;30/08/2018 21:30;48
30/08/2018 21:30;30/08/2018 22:00;45
30/08/2018 22:00;30/08/2018 22:30;45
30/08/2018 22:30;30/08/2018 23:00;40
30/08/2018 23:00;30/08/2018 23:30;41
30/08/2018 23:30;31/08/2018 0:00;39
31/08/2018 0:00;31/08/2018 0:30;39
31/08/2018 0:30;31/08/2018 1:00;41
31/08/2018 1:00;31/08/2018 1:30;38
31/08/2018 1:30;31/08/2018 2:00;34
31/08/2018 2:00;31/08/2018 2:30;34
31/08/2018 2:30;31/08/2018 3:00;39
31/08/2018 3:00;31/08/2018 3:30;37
31/08/2018 3:30;31/08/2018 4:00;35
31/08/2018 4:00;31/08/2018 4:30;33
31/08/2018 4:30;31/08/2018 5:00;30
31/08/2018 5:00;31/08/2018 5:30;30
31/08/2018 5:30;31/08/2018 6:00;30
31/08/2018 6:00;31/08/2018 6:30;35
31/08/2018 6:30;31/08/2018 7:00;41
31/08/2018 7:00;31/08/2018 7:30;40
31/08/2018 7:30;31/08/2018 8:00;36
31/08/2018 8:00;31/08/2018 8:30;32
31/08/2018 8:30;31/08/2018 9:00;29
31/08/2018 9:00;31/08/2018 9:30;29
31/08/2018 9:30;31/08/2018 10:00;30
31/08/2018 10:00;31/08/2018 10:30;33
31/08/2018 10:30;31/08/2018 11:00;37
31/08/2018 11:00;31/08/2018 11:30;37
31/08/2018 11:30;31/08/2018 12:00;45
